Проверка ссылок
200 — хорошо; 202/403/401/307 — живая, но не для curl; 000 — проверить не удалось
======================================================================
есть         /home/user/Архив/5 класс/История/istoriya-5-klass-sborniki-vpr.html
есть         /home/user/Архив/5 класс/История/istoriya-5-klass-trenazhery.html
есть         /home/user/Архив/5 класс/История/istoriya-5-klass-video.html
есть         /home/user/Архив/5 класс/История/kino-5-klass-istoriya.html
есть         /home/user/Архив/7 класс/История/sborniki-i-vpr-7-klass-istoriya.html
есть         /home/user/Проект/База данных/5 класс.html
есть         /home/user/Проект/База данных/5 класс/География.html
есть         /home/user/Проект/База данных/5 класс/География/видеоуроки.html
есть         /home/user/Проект/База данных/5 класс/География/кино.html
есть         /home/user/Проект/База данных/5 класс/История.html
есть         /home/user/Проект/База данных/5 класс/История/ВПР и сборники.html
есть         /home/user/Проект/База данных/5 класс/История/видеоуроки.html
есть         /home/user/Проект/База данных/5 класс/История/кино.html
есть         /home/user/Проект/База данных/5 класс/История/тренажёры.html
есть         /home/user/Проект/База данных/7 класс.html
есть         /home/user/Проект/База данных/7 класс/Алгебра.html
есть         /home/user/Проект/База данных/7 класс/Алгебра/ВПР и сборники.html
есть         /home/user/Проект/База данных/7 класс/Алгебра/видеоуроки.html
есть         /home/user/Проект/База данных/7 класс/Алгебра/контрольные.html
есть         /home/user/Проект/База данных/7 класс/Алгебра/тренажёры.html
есть         /home/user/Проект/База данных/7 класс/Английский.html
есть         /home/user/Проект/База данных/7 класс/Английский/тренажёры.html
есть         /home/user/Проект/База данных/7 класс/История.html
есть         /home/user/Проект/База данных/7 класс/История/ВПР и сборники.html
есть         /home/user/Проект/База данных/7 класс/История/видеоуроки.html
есть         /home/user/Проект/База данных/7 класс/История/кино.html
есть         /home/user/Проект/База данных/7 класс/История/контрольные.html
есть         /home/user/Проект/База данных/7 класс/История/тренажёры.html
есть         /home/user/Проект/База данных/8 класс.html
есть         /home/user/Проект/База данных/8 класс/Алгебра.html
есть         /home/user/Проект/База данных/8 класс/Алгебра/ВПР и сборники.html
есть         /home/user/Проект/База данных/8 класс/Алгебра/видеоуроки.html
есть         /home/user/Проект/База данных/8 класс/Алгебра/контрольные.html
есть         /home/user/Проект/База данных/8 класс/Алгебра/тренажёры.html
есть         /home/user/Проект/База данных/8 класс/Геометрия.html
есть         /home/user/Проект/База данных/8 класс/Геометрия/видеоуроки.html
есть         /home/user/Проект/База данных/8 класс/Геометрия/итоговые и сборники.html
есть         /home/user/Проект/База данных/8 класс/Геометрия/контрольные.html
есть         /home/user/Проект/База данных/8 класс/Геометрия/тренажёры.html
есть         /home/user/Проект/Начать учиться.html
200          http://xn--8-8sb3ae5aa.xn--p1ai/algebra-8-makarychev-testy-dudnicyn/
200          https://100ballnik.com/%D0%B4%D0%B5%D0%BC%D0%BE%D0%B2%D0%B5%D1%80%D1%81%D0%B8%D1%8F-%D0%B2%D0%BF%D1%80-2026-%D0%BF%D0%BE-%D0%B8%D1%81%D1%82%D0%BE%D1%80%D0%B8%D0%B8-7-%D0%BA%D0%BB%D0%B0%D1%81%D1%81-%D0%B2%D0%B0%D1%80%D0%B8/
200          https://100ballnik.com/wp-content/uploads/2022/03/istoria_7klass_vpr2022_variant10_otveti.pdf
200          https://100ballnik.com/wp-content/uploads/2022/03/istoria_7klass_vpr2022_variant1_otveti.pdf
200          https://100ballnik.com/wp-content/uploads/2022/03/istoria_7klass_vpr2022_variant2_otveti.pdf
200          https://100ballnik.com/wp-content/uploads/2022/03/istoria_7klass_vpr2022_variant3_otveti.pdf
200          https://100ballnik.com/wp-content/uploads/2022/03/istoria_7klass_vpr2022_variant4_otveti.pdf
200          https://100ballnik.com/wp-content/uploads/2022/03/istoria_7klass_vpr2022_variant5_otveti.pdf
200          https://100ballnik.com/wp-content/uploads/2022/03/istoria_7klass_vpr2022_variant6_otveti.pdf
200          https://100ballnik.com/wp-content/uploads/2022/03/istoria_7klass_vpr2022_variant7_otveti.pdf
200          https://100ballnik.com/wp-content/uploads/2022/03/istoria_7klass_vpr2022_variant8_otveti.pdf
200          https://100ballnik.com/wp-content/uploads/2022/03/istoria_7klass_vpr2022_variant9_otveti.pdf
200          https://100ballnik.com/wp-content/uploads/2022/09/1-2-%D0%B2%D0%B0%D1%80%D0%B8%D0%B0%D0%BD%D1%82-%D0%B8%D1%81%D1%82%D0%BE%D1%80%D0%B8%D1%8F-7%D0%BA%D0%BB%D0%B0%D1%81%D1%81-%D0%BE%D1%82%D0%B2%D0%B5%D1%82%D1%8B.pdf
200          https://100ballnik.com/wp-content/uploads/2022/09/3-4-%D0%B2%D0%B0%D1%80%D0%B8%D0%B0%D0%BD%D1%82-%D0%B8%D1%81%D1%82%D0%BE%D1%80%D0%B8%D1%8F-7%D0%BA%D0%BB%D0%B0%D1%81%D1%81-%D0%BE%D1%82%D0%B2%D0%B5%D1%82%D1%8B.pdf
200          https://100ballnik.com/wp-content/uploads/2022/09/5-6-%D0%B2%D0%B0%D1%80%D0%B8%D0%B0%D0%BD%D1%82-%D0%B8%D1%81%D1%82%D0%BE%D1%80%D0%B8%D1%8F-7%D0%BA%D0%BB%D0%B0%D1%81%D1%81-%D0%BE%D1%82%D0%B2%D0%B5%D1%82%D1%8B.pdf
200          https://100ballnik.com/wp-content/uploads/2025/04/variant_01_istoria_7klass_vpr_2025.pdf
200          https://100ballnik.com/wp-content/uploads/2025/04/variant_02_istoria_7klass_vpr_2025.pdf
200          https://100ballnik.com/wp-content/uploads/2025/04/variant_03_istoria_7klass_vpr_2025.pdf
200          https://100ballnik.com/wp-content/uploads/2025/04/variant_04_istoria_7klass_vpr_2025.pdf
200          https://100ballnik.com/wp-content/uploads/2025/04/variant_05_istoria_7klass_vpr_2025.pdf
200          https://100ballnik.com/wp-content/uploads/2025/04/variant_06_istoria_7klass_vpr_2025.pdf
200          https://100ballnik.com/wp-content/uploads/2025/04/variant_07_istoria_7klass_vpr_2025.pdf
200          https://100ballnik.com/wp-content/uploads/2025/04/variant_08_istoria_7klass_vpr_2025.pdf
200          https://100ballnik.com/wp-content/uploads/2025/04/variant_09_istoria_7klass_vpr_2025.pdf
200          https://100ballnik.com/wp-content/uploads/2025/04/variant_10_istoria_7klass_vpr_2025.pdf
200          https://100ballnik.com/wp-content/uploads/2025/08/VPR_IS-7_Opisanie_2026.pdf
200          https://100ballnik.com/wp-content/uploads/2025/08/vpr_2026_istoria_7klass_demo.pdf
200          https://4ege.ru/istoriya/50693-trenazher-dat-po-istorii-rossii.html
200          https://4ege.ru/trening-gia-istoriya/61016-polugodovaya-kontrolnaya-rabota-po-istorii.html
200          https://4ege.ru/trening-gia-istoriya/61603-test-rossiya-v-xvi-veke-smuta-petrovskie-preobrazovaniya.html
200          https://4ege.ru/trening-gia-istoriya/61703-proverochnaya-rabota-po-teme-smutnoe-vremya.html
200          https://4ege.ru/trening-gia-istoriya/64803-itogovaja-kontrolnaja-rabota-po-vseobschej-istorii-7-klass.html
200          https://4ege.ru/trening-gia-istoriya/64920-godovaya-kontrolnaya-rabota-po-istorii-7-klass.html
200          https://4ege.ru/trening-gia-istoriya/67132-kultura-rossii-v-16-veke.html
200          https://4ege.ru/trening-gia-istoriya/67154-test-po-teme-pravlenie-ivana-groznogo.html
200          https://4ege.ru/trening-gia-istoriya/67804-test-rossija-pri-pervyh-romanovyh.html
200          https://4ege.ru/trening-gia-istoriya/67955-vhodnoj-kontrol-po-istorii-7-klass.html
200          https://4ege.ru/trening-gia-istoriya/67993-test-kultura-narodov-rossii-v-xvii-veke.html
200          https://4ege.ru/vpr/75799-demoversii-vpr-2026-dlja-7-klassa.html
200          https://4vpr.ru/5-klass/1052-demoversija-vpr-2027-po-istorii-dlja-5-klassa.html
200          https://4vpr.ru/7-klass/620-demoversija-vpr-2025-po-istorii-v-7-klasse.html
200          https://4vpr.ru/7-klass/880-demoversija-vpr-2026-po-istorii-dlja-7-klassa.html
200          https://apps.ankiweb.net/
200          https://apps.apple.com/ru/app/%D1%82%D1%80%D0%B5%D0%BD%D0%B0%D0%B6%D0%B5%D1%80-%D0%BF%D0%BE-%D0%B8%D1%81%D1%82%D0%BE%D1%80%D0%B8%D0%B8/id6469094146
200          https://ar.culture.ru/ru/museum/ivanovskiy-gosudarstvennyy-istoriko-kraevedcheskiy-muzey-imeni-dg-burylina
200          https://artsandculture.google.com/
200          https://arzamas.academy/
200          https://arzamas.academy/courses
000          https://drops.com/
200          https://education.yandex.ru/homework/history
200          https://historyofrussia.mave.digital/
200          https://igikm.ru
200          https://igikm.ru/
401          https://infourok.ru/kontrolnye-raboty-po-algebre-7-klass-makarychev-za-ves-god-s-resheniyami-4488268.html
401          https://infourok.ru/magazin-materialov/itogovaya-kontrolnaya-rabota-po-kursu-istoriya-rossii-7-klass-po-uchebniku-medinskogo-2025-goda-1509469
401          https://infourok.ru/magazin-materialov/itogovyj-test-kontrolnaya-rabota-po-kursu-istoriya-drevnego-mira-istoriya-5-klass-medinskij-urok-itogovogo-povtoreniya-obobsheniya-i-kontrolya-1427282
401          https://infourok.ru/magazin-materialov/kontrolnaya-rabota-po-istorii-7-klass-rossiya-v-xvi-xvii-vekah-1253077
401          https://infourok.ru/magazin-materialov/kontrolnaya-rabota-po-istorii-rossii-glava-3-rossiya-pri-pervyh-romanovyh-7-klass-medinskij-1294959
200          https://kahoot.com/
000          https://kino-history.net/russkaya-smuta-istoriya-bolezni
200          https://kion.ru/serial/sobirateli-zemli-russkoj
200          https://kopilkaurokov.ru/istoriya/testi?class=5
200          https://learningapps.org/
200          https://lingualeo.com/ru
200          https://litres.uz/book/k-v-volkova/kontrolno-izmeritelnye-materialy-istoriya-rossii-7-klass-65776922/
200          https://livingheritage.ru/brand/ivanovskaya-oblast/ivanovo
200          https://m.ok.ru/video/6718100541914
200          https://math-ege.sdamgia.ru/
200          https://media.prosv.ru/
200          https://medinskiy.ru/
200          https://mou36.ru/images/doc/1_SVEDENIA_MAOU/obrazovanie/02_osn_school/KIM/istoria/istoria_5_klass.pdf
200          https://nsportal.ru/shkola/algebra/library/2018/02/26/samostoyatelnaya-rabota-po-temekvadratnye-korni
200          https://nsportal.ru/shkola/algebra/library/2019/01/05/trenazher-kvadratnye-uravneniya
200          https://nsportal.ru/shkola/algebra/library/2021/11/20/156-nepolnyh-kvadratnyh-uravneniy
200          https://nsportal.ru/shkola/algebra/library/2022/01/14/algebra-7-klass-zadaniya-na-urok-trenazher-raskrytie-skobok
200          https://nsportal.ru/shkola/algebra/library/2022/03/13/kvadratnye-uravneniya-8-klass/
200          https://nsportal.ru/shkola/algebra/library/2023/12/05/algebraicheskie-vyrazheniya-7-kl
200          https://nsportal.ru/shkola/geometriya/library/2012/01/20/zachet-po-geometrii-8-klass-po-teme-ploshchadi-figur-teorema
200          https://nsportal.ru/shkola/geometriya/library/2019/10/13/samostoyatelnaya-rabota-na-temu-ploshchad-teorema-pifagora-8
200          https://nsportal.ru/shkola/geometriya/library/2019/12/08/kontrolnaya-rabota-po-teme-ploshchadi-teorema-pifagora
200          https://nsportal.ru/shkola/istoriya/library/2020/08/31/kontrolnaya-rabota-po-predmetu-istoriya-drevnego-mira-5-klass
200          https://nsportal.ru/shkola/istoriya/library/2026/01/17/kontrolnaya-rabota-po-istorii-rossii-7-klassa
200          https://nsportal.ru/sites/default/files/2020/04/04/proverochnaya_rabota_politicheskoe_razvitie_strany.docx
200          https://nsportal.ru/sites/default/files/2020/04/04/smuta_test.doc
200          https://nsportal.ru/sites/default/files/2020/04/04/test_osnovnye_sosloviya_rossiyskogo_obshchestva.docx
200          https://nsportal.ru/sites/default/files/2020/04/04/test_rossiya_pri_pervyh_romanovyh.doc
200          https://nsportal.ru/sites/default/files/2020/08/31/kontrolnaya_rabota_po_istorii_drevnego_mira.docx
200          https://nsportal.ru/sites/default/files/2026/01/17/1_variant.docx
200          https://nsportal.ru/sites/default/files/2026/01/17/2_variant.docx
200          https://ok.ru/video/6872418355927
200          https://okko.tv/mp_movie/legendy-i-mify-drevnejj-grecii
200          https://onlineschool-1.ru/encyclopedia/7-klass/istoriya/
200          https://onlineschool-1.ru/encyclopedia/7-klass/istoriya/indiya-kitaj-i-yaponiya-tradici/article/
200          https://onlineschool-1.ru/encyclopedia/7-klass/istoriya/mir-hudozhestvennoj-kultury-vo/video/
200          https://onlinetestpad.com/ru/tests/algebra/7class
200          https://onlinetestpad.com/ru/tests/algebra/8class
200          https://onlinetestpad.com/ru/tests/geometry/8class
200          https://onlinetestpad.com/ru/tests/history/7class
200          https://onlinetestpad.com/ru/testview/3652062-istoriya-istoriya-rossii-konec-xvi-xvii-v-7-klass-edinyj-uchebnik-glava-i-r
200          https://onlinetestpad.com/ru/testview/401064-istoriya-rossii-7-klass-itogovaya-kontrolnaya-rabota-po-istorii-rossii-xvi
200          https://play.google.com/store/apps/details?id=com.livur.englishtrainer&amp;hl=ru
200          https://play.google.com/store/apps/details?id=ru.zengalt.simpler&amp;hl=ru
200          https://prosv.ru/
200          https://prosv.ru/product/geometriya-didakticheskie-materiali-8-klass01/
200          https://prosv.ru/product/geometriya-samostoyatel-nie-i-kontrol-nie-raboti-8-klass01/
200          https://prosv.ru/product/istoriya-istoriya-rossii-xvi-xvii-vv-7-klass192085801/
200          https://prosv.ru/product/istoriya-vseobschaya-istoriya-istoriya-novogo-vremeni-konets-xv-xvii-v-7-klass192083501/
200          https://prosv.ru/product/matematika-geometriya-8-klass-bazovii-uroven-samostoyatel-nie-i-kontrol-nie-raboti01/
000          https://resh.edu.ru/
200          https://rutube.ru/channel/25498728/
200          https://rutube.ru/channel/37297900/
200          https://rutube.ru/channel/45207914/
200          https://rutube.ru/plst/1195208/
200          https://rutube.ru/plst/1329305/
200          https://rutube.ru/plst/1481100/
200          https://rutube.ru/plst/1481172/
200          https://rutube.ru/plst/153187/
200          https://rutube.ru/plst/1607777/
200          https://rutube.ru/plst/1607779/
200          https://rutube.ru/plst/324601/
200          https://rutube.ru/plst/408257/
200          https://rutube.ru/plst/431970/
200          https://rutube.ru/plst/560467/
200          https://rutube.ru/plst/565327/
200          https://rutube.ru/plst/584089/
200          https://rutube.ru/plst/63539/
200          https://rutube.ru/plst/63545/
200          https://rutube.ru/plst/714145/
200          https://rutube.ru/plst/824496/
200          https://rutube.ru/plst/851600/
200          https://rutube.ru/plst/856545/
200          https://rutube.ru/plst/898267/
200          https://rutube.ru/plst/914362/
200          https://rutube.ru/plst/927166/
200          https://rutube.ru/video/00fce6293112c924beeb913d4e33f04a/
200          https://rutube.ru/video/011409b6244c919e0e7a6f966e9bd607/
200          https://rutube.ru/video/01230dfb6634d571f6499bd8bd0e608c/
200          https://rutube.ru/video/014a54c82507d4d29f4d77ed5efd233d/
200          https://rutube.ru/video/016b7ebb1d3099e461f8df9d00c0c5cf/
200          https://rutube.ru/video/01ea9178a93e8ee2d43280e395225afc/
200          https://rutube.ru/video/02339930ea7ffb964c859242a22f9982/
200          https://rutube.ru/video/025fe7e7589c3f22c5e4053ea03ceaa7/
200          https://rutube.ru/video/0274664e8e3320347b73b0eefaf474d5/
200          https://rutube.ru/video/038e570d5e77b490880a272d4a702224/
200          https://rutube.ru/video/03a7b326f1db8ab6ce2e513c16f899d7/
200          https://rutube.ru/video/03d750dd166b7b3d86b839af1748588d/
200          https://rutube.ru/video/04086feacd962f61a706ef56a51491bc/
200          https://rutube.ru/video/0408ab399aed2204599cc16a72835c1a/
200          https://rutube.ru/video/044d972e7252b310c114318e439a2c7e/
200          https://rutube.ru/video/0454abeab960ff1c233a0f081b7ebd27/
200          https://rutube.ru/video/047c4116ae4083813f52cfa5c5f2677b/
200          https://rutube.ru/video/04a84842dc77583da2d46363af6f27d3/
200          https://rutube.ru/video/0677091e5fc70d5e84b9b8b69631e239/
200          https://rutube.ru/video/0688742c1bf4add383961bd2fa05b99d/
200          https://rutube.ru/video/06a05c93d721f6aafaca68c9575f35c5/
200          https://rutube.ru/video/06bc656d602729c95c5e960f7e705ff1/
200          https://rutube.ru/video/077de8010f04048a811f020e83592df8/
200          https://rutube.ru/video/07f85ebd8ef5dafdb6aa631424921b5b/
200          https://rutube.ru/video/082a3aa4d4388169198b4cbb45ac9eb6/
200          https://rutube.ru/video/0854c7f1009df1beb06e6053269c0072/
200          https://rutube.ru/video/087896a8aee769108bf65fd8d0171b0c/
200          https://rutube.ru/video/08789fd8c7cba3036c140785cb9480f2/
200          https://rutube.ru/video/08a5a18e10c17edf61906c1d58170aad/
200          https://rutube.ru/video/08b8aaa68e43870217f639d0c21dc5b3/
200          https://rutube.ru/video/08ee319cd7a68f2c8dd0774aaee04392/
200          https://rutube.ru/video/090121ec329288ef505cdd229be3184c/
200          https://rutube.ru/video/091c349a7ab23afa7a2375821062afed/
200          https://rutube.ru/video/098dc599fed345f3adecb81fc9824504/
200          https://rutube.ru/video/0b4ffdaa155e465ccd01b803ac31067a/
200          https://rutube.ru/video/0b59d50179031d50f1ffe2352416abfd/
200          https://rutube.ru/video/0bf48f3b6388889ace1ddfd2d70b019c/
200          https://rutube.ru/video/0c76c0313fef79acb71eb128cdf8ede5/
200          https://rutube.ru/video/0d1bbb20b9067438d1930ab620db4e2a/
200          https://rutube.ru/video/0e19ef2fc61ba2886449c54ee2e7e1a7/
200          https://rutube.ru/video/0e3cd1125b70518cdf51420b236287df/
200          https://rutube.ru/video/0e8aff292a37999c69c4a5831d4db654/
200          https://rutube.ru/video/0e8ebd96615f2351b8f92d22e784621a/
200          https://rutube.ru/video/0e97ea273cda7125254e02b6f641fc48/
200          https://rutube.ru/video/0ed5a2cc700e1885004f4320e18a9a70/
200          https://rutube.ru/video/0f2714959bde145fe9507ab7c0190ae8/
200          https://rutube.ru/video/0f4d83ff567242e802bb4331aa3ac957/
200          https://rutube.ru/video/0f91f17904ccd88ad16ae67bee3c31f3/
200          https://rutube.ru/video/103546b5ef4d1b31997ecffd74467ba2/
200          https://rutube.ru/video/109858b36cd9c3da3ac4b15b93051fda/
200          https://rutube.ru/video/1166b1ed0260784054bcf9e322e66637/
200          https://rutube.ru/video/125beb88d1297e3ebff32dba7fabaf21/
200          https://rutube.ru/video/1285901dbbc39ab852b69eb017a08273/
200          https://rutube.ru/video/132fa17a54331b7df73480f73fba7b67/
200          https://rutube.ru/video/1371fb8b0f24532999c8ef9c48466ee3/
200          https://rutube.ru/video/142d11a2c3ac885f6540366cba5da2db/
200          https://rutube.ru/video/150952ac92ea197b72435f43b5ed8a92/
200          https://rutube.ru/video/15619644c46ab191424f8c8adca8d6c3/
200          https://rutube.ru/video/159530bffa22a3d0e84ff6a4c7cf23ee/
200          https://rutube.ru/video/159e8467a07c0e70847b92ec68cd5aea/
200          https://rutube.ru/video/15d3014dc9269942b5742fd5671bfbed/
200          https://rutube.ru/video/170dad40c93de998b40ae4a317d35b88/
200          https://rutube.ru/video/1714c38fc18b0bbed1375f493bb0e4dc/
200          https://rutube.ru/video/174d98fa40c15390f8c8abfa353a9640/
200          https://rutube.ru/video/17a80b07b08d9296dbbbe6172af45387/
200          https://rutube.ru/video/1956bbe9fba301e79b203aecf01844bc/
200          https://rutube.ru/video/19975cd6f7e60d1ff0070d46b4e10c46/
200          https://rutube.ru/video/19eb7437acb011af7df24dcffddfdb64/
200          https://rutube.ru/video/1a0a5fda655ad4ff2567b0e1a8571042/
200          https://rutube.ru/video/1b2aec4cb5584fbc6601ac5ff0e4e10d/
200          https://rutube.ru/video/1b2d26f3d9523c79bf8b8a5855777c08/
200          https://rutube.ru/video/1b38cd0c58d8c5c2ebe139bc5f353de7/
200          https://rutube.ru/video/1b5b897affc1083b3baeae0a8d088d66/
200          https://rutube.ru/video/1c331f4041dfacdba7dbeda5837a1c9f/
200          https://rutube.ru/video/1cedb1eab3ea6a28fd6ee3a87daa4338/
200          https://rutube.ru/video/1d5e1774a089abde29609d7123be9acf/
200          https://rutube.ru/video/1da68e3cfda436f0718d36a4bfa8a2d3/
200          https://rutube.ru/video/1e4206b70e22466fb0f146c2cee007b7/
200          https://rutube.ru/video/1f52162dd963e8597f8bcb12b7d4f0f4/
200          https://rutube.ru/video/1f89da7f72f3b4d323c66a76abe99d0a/
200          https://rutube.ru/video/1fcc57c9aa6652782242075e51e3b2df/
200          https://rutube.ru/video/200aa4d708be7dd38fe3c373b06f1504/
200          https://rutube.ru/video/20544d7921dd790c6defaa53b08522dd/
200          https://rutube.ru/video/209302f32d6b6c9592b9adcd657158af/
200          https://rutube.ru/video/2100bd5bf641de58ec6d66678fee2f92/
200          https://rutube.ru/video/210b3bec4575d4a50aedd559d87c936d/
200          https://rutube.ru/video/210bb90c6271ef403f525cb962222f65/
200          https://rutube.ru/video/214ba9c7271f7eb5c5d54ae6212e1da3/
200          https://rutube.ru/video/22bcd63058ff61d084fb0b044ad95404/
200          https://rutube.ru/video/22c3b52e9dcea4096335d767aae42953/
200          https://rutube.ru/video/2324b2702c6465be5d6c53fa70bb6b63/
200          https://rutube.ru/video/2363fa3df1e230dfe1cd713f5371cef4/
200          https://rutube.ru/video/23e725a5ca19ef12d8e88a98e7b25ac0/
200          https://rutube.ru/video/2494eecbd855a81776e6dc9d39e11758/
200          https://rutube.ru/video/253a3f92ed15ce81c67541f640f26c05/
200          https://rutube.ru/video/25ad9d846d9bf2ee658dee3893b14abb/
200          https://rutube.ru/video/25ebe670f770447f95d58f620399a2fb/
200          https://rutube.ru/video/26a45af59db11c61efe18a8b5aecfa26/
200          https://rutube.ru/video/283a747fb5f519769113c4df8414fc1a/
200          https://rutube.ru/video/288272a5cb66d76681d80d93b2ce1e05/
200          https://rutube.ru/video/298f74b1020834c18d78f572479a297d/
200          https://rutube.ru/video/299868b37b044dd2b3ff3199ea8fda17/
200          https://rutube.ru/video/2a145a6377ba1eb049a3f6bb83131c36/
200          https://rutube.ru/video/2a205dc614768389dfa2d7400fa3efa8/
200          https://rutube.ru/video/2a37b4726b977ba2f7b6321936cd5b0c/
200          https://rutube.ru/video/2b70728728ddd3e0cd58b03a0f66e644/
200          https://rutube.ru/video/2ba8edb63ba58c462e3566282089b917/
200          https://rutube.ru/video/2be338b05238ef66894b9ddebbaf29e3/
200          https://rutube.ru/video/2c164bd20823f0b843c989912e66a218/
200          https://rutube.ru/video/2c3ea3f358672da8be507236c3a7a563/
200          https://rutube.ru/video/2c487e140a46abf5e55c64b00d61ea5c/
200          https://rutube.ru/video/2cadd1c9fd3ec73a3b9e99b6de549d33/
200          https://rutube.ru/video/2cecc5989e92024dafb73bbbe2280152/
200          https://rutube.ru/video/2d8418b42168fe7f0077760b9ea53140/
200          https://rutube.ru/video/2da6a9d5a693b09fd74b64369c50642c/
200          https://rutube.ru/video/2dbbbd40512ea361d15c26e66f90c167/
200          https://rutube.ru/video/2e29be0dea534ceffeafc2a432c919be/
200          https://rutube.ru/video/2e31122e6c04a0d2bc4c16197532697c/
200          https://rutube.ru/video/2e9ec604eb8d396629333a74de8ef0b5/
200          https://rutube.ru/video/2f5e95ca6f98743eea4883a5b5f46e77/
200          https://rutube.ru/video/2f60b430d15b6e9694bdc979df46d2da/
200          https://rutube.ru/video/30a50af9190efc390946ae95c21e4d75/
200          https://rutube.ru/video/311c6f4e177ffe1571575d5e1dcfb174/
200          https://rutube.ru/video/315a71a2eebe1a93b50fb6fe140b26a5/
200          https://rutube.ru/video/316f623259531861a53f3d34d3303762/
200          https://rutube.ru/video/32767119d7df44a47afa1c449ca1e8c6/
200          https://rutube.ru/video/33038b0736e86e6ef4dc8161926c3af2/
200          https://rutube.ru/video/35013a94892069fabc893db569e0db6f/
200          https://rutube.ru/video/365e22acc70e844ff8c8d2827c9871ba/
200          https://rutube.ru/video/36e6739ad42c0c8c2dc4124221121d10/
200          https://rutube.ru/video/3703840ae67ed7321ed5ce9fe6d2f49f/
200          https://rutube.ru/video/379c98d382934700c9b554e450cb73ab/
200          https://rutube.ru/video/37a4ebf9c234063e743767e8a50b45c0/
200          https://rutube.ru/video/37d7518db35b155071dd8010b699c52b/
200          https://rutube.ru/video/37fdd01a98a31de48297cb9ecac424c1/
200          https://rutube.ru/video/380831b7dcc7678985b853c214e7169d/
200          https://rutube.ru/video/38653764c11e0f3a9e6e33f30a162357/
200          https://rutube.ru/video/386ee5e6ca60711abfa69e868d7c61d6/
200          https://rutube.ru/video/38da6026994489669a94ec57c993d27c/
200          https://rutube.ru/video/38ee243e073d787735611059c202c1ce/
200          https://rutube.ru/video/38fe460b08807fc3196ec74e1cab047a/
200          https://rutube.ru/video/3902e6839c78bc3d708fbcd7230ebd8d/
200          https://rutube.ru/video/39301474c85fdc5819ab506f78e25814/
200          https://rutube.ru/video/39ef8b8e36f7c52c86a68707ef2745ba/
200          https://rutube.ru/video/3a74b8d190779cd36a8da67c392342e6/
200          https://rutube.ru/video/3ad193eb51d99b07f1c1374664fbc2b1/
200          https://rutube.ru/video/3ae172801a5c84f612a598919d11c143/
200          https://rutube.ru/video/3c0259b2ed8e101fb6af5c21d0573ce6/
200          https://rutube.ru/video/3c9b4fe63438de025db933d7b4e4e14d/
200          https://rutube.ru/video/3c9e5af45a36a52688ec1e8fda882cc2/
200          https://rutube.ru/video/3c9f1d5b213773a4decf80a3a6cb381b/
200          https://rutube.ru/video/3dc901ed4cee3b5815b7d8f12751549e/
200          https://rutube.ru/video/3e1f25ef307a8062707cba45b03a671a/
200          https://rutube.ru/video/3eaa3c109e1f47eab3d800b912ea9303/
200          https://rutube.ru/video/3f0556e4453e66cda1571b45672ceed4/
200          https://rutube.ru/video/3f1254055f947b14fd8854109ed15ab9/
200          https://rutube.ru/video/4027542525bc2b4b894a2a138dfea7bd/
200          https://rutube.ru/video/402d6fb0e3bd911f5261230d0b8f852f/
200          https://rutube.ru/video/414231973255e98a35053b6dd7502072/
200          https://rutube.ru/video/4184f1fe62da128b1c7d2c507c26c5fc/
200          https://rutube.ru/video/420e58fd30daf4c5bc0c9c18a0de1764/
200          https://rutube.ru/video/424eb1b6e90c0410438ad0cd8148e81c/
200          https://rutube.ru/video/42cc09a727f27c9b40b52ce4e637ccad/
200          https://rutube.ru/video/42fa39cecdfbfa4dc6b285f543264285/
200          https://rutube.ru/video/42fc91a0d8725dc6332765a8a29ffaef/
200          https://rutube.ru/video/438e6b39bb5ff38c0f0dcecaabc10252/
200          https://rutube.ru/video/44baa7f1f65688bf4bde166330020496/
200          https://rutube.ru/video/45c44acf19a60e4af3d1e3c41c424079/
200          https://rutube.ru/video/469e317e5cda1fd2d729cc6df0096a6b/
200          https://rutube.ru/video/46d177f87a3eb39c9cbdbef3d0f387b3/
200          https://rutube.ru/video/46fd39ccf568af0b017ba743a6620b7d/
200          https://rutube.ru/video/4705539d4ad822a557129d785ed9ab95/
200          https://rutube.ru/video/47115c1da5feb4f4fa7ccbed9d0ea9aa/
200          https://rutube.ru/video/4774d8f9ba8075b3d37d156477b0926e/
200          https://rutube.ru/video/482c9dcafcd8bff6f88feae98c8a6d5b/
200          https://rutube.ru/video/488307d3205a608b354955f8e2eee7dd/
200          https://rutube.ru/video/48f07b91fed75f5246b1d98144b603ff/
200          https://rutube.ru/video/4b5016aec84d9883590b3187fdc99d34/
200          https://rutube.ru/video/4bd707ce820a0848dd9c2149c57e3775/
200          https://rutube.ru/video/4c47531f47f398b5d4c84b38dbaf1d88/
200          https://rutube.ru/video/4c5bedb7356061d246bdf5b1581d4c09/
200          https://rutube.ru/video/4c6230c5b280c9c44b42d61ef316b7af/
200          https://rutube.ru/video/4d01dbe684406b0a75f2a0b04edabbd7/
200          https://rutube.ru/video/4dcfe3c0f8b0ec377f36875f7159e1ad/
200          https://rutube.ru/video/4dddeb58dd7f6c359af2b344fab2ed97/
200          https://rutube.ru/video/4e0c1ca94098789b88f35700e61e7ea5/
200          https://rutube.ru/video/4e6ca1122e9fd9d66a0b615d94a28cf8/
200          https://rutube.ru/video/4ed3c5cb66cd8846860105e26d6476f2/
200          https://rutube.ru/video/4f314f134f764eda431a11bb9ec73122/
200          https://rutube.ru/video/4f7edf0dedf19dd458df5038970492ca/
200          https://rutube.ru/video/4fa1d6f5677b8c1b1d20ac9b91cb37bf/
200          https://rutube.ru/video/4fd7b9d16b1e66e4e3283f7085b0146c/
200          https://rutube.ru/video/500249bac51f9e45739c3dced3597a50/
200          https://rutube.ru/video/505ec29eac15f2c1b3a8f7d1732d39c4/
200          https://rutube.ru/video/50867b08ddcdae6ed2c154b4859aeec1/
200          https://rutube.ru/video/50d714fbffae6f28b0795054d1cf45b2/
200          https://rutube.ru/video/50eca7e0a445a267a33a531c8fdbc353/
200          https://rutube.ru/video/5105a24efe0e4552abcf51e4cf793d78/
200          https://rutube.ru/video/51349ce721d4032728f33f4d83b5fdfe/
200          https://rutube.ru/video/5137e1c06a82ac5b45dbb5c8b788ad93/
200          https://rutube.ru/video/517a03c96cb712b66c3490e8c5460271/
200          https://rutube.ru/video/51eb10c86860bc118ade094d6b3c8316/
200          https://rutube.ru/video/52db9988d6fa9337c34e200e28a95d54/
200          https://rutube.ru/video/53338a73c825550e67b2af68b15ef017/
200          https://rutube.ru/video/539c8eba2d2c5d66c1dd42c59180a7f6/
200          https://rutube.ru/video/53cd18f21e610411f391f3e2c4f3cdc1/
200          https://rutube.ru/video/5476bfe06747662b01cb433c092e78e2/
200          https://rutube.ru/video/550c5034c66ae2d63883151262b57c81/
200          https://rutube.ru/video/554fff0f67a41d2214d2b2245f0604fe/
200          https://rutube.ru/video/555525e63d4c0bc8ee6ab0eb8d0cca14/
200          https://rutube.ru/video/5595057eb623cd41f07d04da6d3b6975/
200          https://rutube.ru/video/55bd986c1d71c395391f0ef1cac358e7/
200          https://rutube.ru/video/55dc26daa195dc5642801f0b7ec75fb8/
200          https://rutube.ru/video/56806fab82096a63af7741238df0140b/
200          https://rutube.ru/video/575c27725de6d2e5b746121f9df9d83d/
200          https://rutube.ru/video/5787ba36a77a91590f5892d36e8b9344/
200          https://rutube.ru/video/57d1da684e4e6e1d35cf406609ed5b73/
200          https://rutube.ru/video/58784f5c6ff406eb0f97e3570beea3f4/
200          https://rutube.ru/video/594932e1b67dff85334986e65940f39f/
200          https://rutube.ru/video/5a12edd1fb0e722990978d1a1a61e29e/
200          https://rutube.ru/video/5a308edc58feffc80c9dcf7d6598b1c9/
200          https://rutube.ru/video/5a3a32836d966dcc954aa52760d30d10/
200          https://rutube.ru/video/5a76d97e5d70a6ffc77e2e13ad6e9e98/
200          https://rutube.ru/video/5adb6d92146f40896470ef8c3b63ac9f/
200          https://rutube.ru/video/5b48a95bff911b61d1086e71540a35d8/
200          https://rutube.ru/video/5c9add44060ffcdcfbf14d1af6c01d59/
200          https://rutube.ru/video/5cf34f73b3d16017e572deb835a410a2/
200          https://rutube.ru/video/5cfb0c225a0a0411d916cbd0a227c03b/
200          https://rutube.ru/video/5d76735bef31be3da3c68852744a706c/
200          https://rutube.ru/video/5dabacfa36e545f4211f09ad2791bfde/
200          https://rutube.ru/video/5dc462e29caa9069ca4ab7fb43839b6e/
200          https://rutube.ru/video/5e4aefc80b0184a851629ac63c8deaac/
200          https://rutube.ru/video/5ecf8cbb485fb804d32e2068d0c26bd4/
200          https://rutube.ru/video/60734e405cb4eff981aa1c8429cbe734/
200          https://rutube.ru/video/614f1f9034150f4a7d271256ec96f6c7/
200          https://rutube.ru/video/617a05cab7cb77c9609752939091fc0a/
200          https://rutube.ru/video/61da4b731056a0b75e223bb39631b3cf/
200          https://rutube.ru/video/620a25c4135937394426c2b1612c5c7a/
200          https://rutube.ru/video/634452202bb28400bb1ceec12bebaa8d/
200          https://rutube.ru/video/638c7c6ccce871f114139e457983eed4/
200          https://rutube.ru/video/63a2fd2d12521b5fb642d21e88e050d4/
200          https://rutube.ru/video/63b28750459aa583eb525c7086a4ff39/
200          https://rutube.ru/video/63ddd6d63e98ef1e8b7297737df41de3/
200          https://rutube.ru/video/64186dfe7b6cd047b7e2c8b3f3971232/
200          https://rutube.ru/video/643a487fdb9c08e94cfbcc87f0d9f046/
200          https://rutube.ru/video/6473dac22ea092a792f7ef0523bcb459/
200          https://rutube.ru/video/6497f0e7a7f6da2ac051d1be30b8673b/
200          https://rutube.ru/video/650f01ee2723b16e4846dbda95696a21/
200          https://rutube.ru/video/657638fc7708c4df64cf7ef87eee8d6e/
200          https://rutube.ru/video/65d824048aa00cbcdd99d0bec116cb07/
200          https://rutube.ru/video/667fd66759bbdc00ee41e4c262fe97d7/
200          https://rutube.ru/video/672dc7aa483c761f8027660203b5db8f/
200          https://rutube.ru/video/67bbb1424450bcebd1dffbaeb78501cc/
200          https://rutube.ru/video/68152c774c0e623d3150553e9d9af924/
200          https://rutube.ru/video/6888f65fe1fb059593c8df0bf43f43de/
200          https://rutube.ru/video/69b55c434b6b7c9262932b8cfc3ede01/
200          https://rutube.ru/video/69bde5d2cce83606f0ed9ba3a806bd49/
200          https://rutube.ru/video/69cd0c3c0d0dceb62f3efc6b718d5014/
200          https://rutube.ru/video/6b46921ee6653b5df4b5d357d263d9b8/
200          https://rutube.ru/video/6bab4e9c9c7e14a4ec5cb9fd3f94adb5/
200          https://rutube.ru/video/6bcda8453790eec0d126027b385233c1/
200          https://rutube.ru/video/6be6d1d90251c363e48cd61b69a518e1/
200          https://rutube.ru/video/6c01b9966e555928fbf24fec3bc075f9/
200          https://rutube.ru/video/6c11d3d67883fb6e543d233a19069e5e/
200          https://rutube.ru/video/6d0a0ce6953e9a62a7dc0150ad3c1592/
200          https://rutube.ru/video/6d11db9686547a5726f32a64f5d9fe6f/
200          https://rutube.ru/video/6dc22b67546d96583919c892a2c49d6f/
200          https://rutube.ru/video/6de972eb98abd96fab9c1764d0bb352f/
200          https://rutube.ru/video/6de9a0b492fa3365849ff5c390c6b7c8/
200          https://rutube.ru/video/6e5cc3ebcf80a69df13f6a4ee71a4e85/
200          https://rutube.ru/video/6e9f860597374b52d42076b971b43c05/
200          https://rutube.ru/video/6ea1c83e0a0608938021b45cdf1ba2c0/
200          https://rutube.ru/video/6eb0190b518dad7a129fc776e9899c51/
200          https://rutube.ru/video/7095e65fa7c861fb8f2831d033ddd48b/
200          https://rutube.ru/video/70c217ffbb65b568c6876af8636b34aa/
200          https://rutube.ru/video/70f1f10708387be1229e9800fa4ade43/
200          https://rutube.ru/video/711ac903190684b101357da0a0db81f3/
200          https://rutube.ru/video/714199b3407bad1fff83b5c6f283177d/
200          https://rutube.ru/video/722a0847e685d3eb3dac881ef77208d2/
200          https://rutube.ru/video/72ef7dd5b6b4136e84178aa8799282d1/
200          https://rutube.ru/video/743d1c958e3a45bf0694568a32185748/
200          https://rutube.ru/video/74a075d7d01debf1c82e1a73d09211b6/
200          https://rutube.ru/video/74a8a4e0d1d3b4359c889741b005048a/
200          https://rutube.ru/video/74d7bf98175619ace459a3dd27e11c4c/
200          https://rutube.ru/video/74d93cc63a1414f49e92aac421f35924/
200          https://rutube.ru/video/75b7145f81ebf43b8e1a9ffc3c020c2e/
200          https://rutube.ru/video/7640f9cf5a8df26d0659f5a324d54114/
200          https://rutube.ru/video/76d04928f8831581c6c1bf64a46cbd6c/
200          https://rutube.ru/video/772807917cb0a25ef477aab280e400d9/
200          https://rutube.ru/video/77d5ee995fb08189380a3ace855449ee/
200          https://rutube.ru/video/79e6dbe0e3ecfcbbe731f8d5f7657682/
200          https://rutube.ru/video/79f2cc49f3c38e3cf69389c0843200f5/
200          https://rutube.ru/video/7a0b752f328f0cbe81e822b675fe296b/
200          https://rutube.ru/video/7a1c15afff70fc2db7a838f830d53032/
200          https://rutube.ru/video/7af77588cb34f7f9eb97d482790a23fb/
200          https://rutube.ru/video/7b03feeee17430124703d3c48d34d220/
200          https://rutube.ru/video/7b28bddfa3bad5094c907bfcca7732bd/
200          https://rutube.ru/video/7cc6b1e89b4dff58fad60cfc529e769a/
200          https://rutube.ru/video/7d11cc746bf508db618b975b14050c62/
200          https://rutube.ru/video/7da442814e355f41ed09a4bc3ae1c7c0/
200          https://rutube.ru/video/7dd3adee22f3b2ea011b7b97848be289/
200          https://rutube.ru/video/7e14cd4d24d6d34e5c44681cea56304c/
200          https://rutube.ru/video/7f4f9eee2a8598fe9742c4f95817c5c7/
200          https://rutube.ru/video/807617c6ccd6ced18bb045e2e90ab8f1/
200          https://rutube.ru/video/80b27c0f17dca0a034ddc214577ceae5/
200          https://rutube.ru/video/825dc9999d41a54eb0eaaaad7c27c648/
200          https://rutube.ru/video/8291a50b66a0f4219913c32d6e265a8d/
200          https://rutube.ru/video/82998f861a68555edc5fc091d60187d7/
200          https://rutube.ru/video/8388c09efb5fd242def541d9b69c6c2a/
200          https://rutube.ru/video/83cf8d1973cfe05724ec5af77e31cb25/
200          https://rutube.ru/video/83d4b54f6eeed3eb76a021b1003b898f/
200          https://rutube.ru/video/83e48845dfffa5ed47b570850b33388d/
200          https://rutube.ru/video/83f299532d7ada252565763bdf0b9c3f/
200          https://rutube.ru/video/843869363a2f69f11f442587b35e38fc/
200          https://rutube.ru/video/8457cfbbd89b2020c337737d4cb0241b/
200          https://rutube.ru/video/84dc1de58593086a2b0f6905ab99510f/
200          https://rutube.ru/video/84fb3d73cf4de98c3462d98c2c948abe/
200          https://rutube.ru/video/8516c7776e504a759254c0f36b32325c/
200          https://rutube.ru/video/853a661da0cb4c9866c4e6d1cdaa01f3/
200          https://rutube.ru/video/857aa111f0ef4d21178d878dd92604fe/
200          https://rutube.ru/video/85d2ee1da3449d64a693814a806523dc/
200          https://rutube.ru/video/860af535c2f2b78c70970ee9e2bda501/
200          https://rutube.ru/video/8631176418052c9d9cebc4cb49e5d9a2/
200          https://rutube.ru/video/8667206deb5d6bdcf9110927a1b3a830/
200          https://rutube.ru/video/874fa55559279c53f9268042715fef94/
200          https://rutube.ru/video/875061608a17b7b95ee4f6577245642e/
200          https://rutube.ru/video/87b904960a9487ed7251257848122f51/
200          https://rutube.ru/video/88260d67ac592f87941f97f9c456354c/
200          https://rutube.ru/video/88d51398dbbad97c39ec64eaedefd0df/
200          https://rutube.ru/video/892de76e98b761307644dfe89e390ba2/
200          https://rutube.ru/video/893890bf25c398470a2b6458e81582ae/
200          https://rutube.ru/video/8971fc48ea0227cd52638bf81fa0ca22/
200          https://rutube.ru/video/89742fbb721a6b1fc53201b6f8121d66/
200          https://rutube.ru/video/898e9c9a241617a4f8960c9e1e8c9724/
200          https://rutube.ru/video/89b7145317e78a21e4b79fb873bf3527/
200          https://rutube.ru/video/8a192a77616e8ced30dcd79767707d21/
200          https://rutube.ru/video/8a4485aec8c7d67304e3afdc11966182/
200          https://rutube.ru/video/8acf867c0f06d576ee7bd30363cce72a/
200          https://rutube.ru/video/8b05a4d46f879e0724ba7764fe3d6d3a/
200          https://rutube.ru/video/8bdecb240c1edb94fa83ffe440e44ce7/
200          https://rutube.ru/video/8c5a8d71d7f59fde8b2eb4f45f0b3e14/
200          https://rutube.ru/video/8cac8691e574a0480b23c088b2e810e4/
200          https://rutube.ru/video/8cb36d845f4cf110f286e50dcd67017d/
200          https://rutube.ru/video/8cc64824a601e8354f246776119bf3af/
200          https://rutube.ru/video/8d1d7aa7eb5dd94b45002d07bdf4de4a/
200          https://rutube.ru/video/8d63fc58a6df264900b898cf8a9b2ba7/
200          https://rutube.ru/video/8e856f578d6d6b10cd0141281ad7b19b/
200          https://rutube.ru/video/8eacbe025a64da0191496699d226ff9e/
200          https://rutube.ru/video/8ff69d59492756d4a7647fdb687de8af/
200          https://rutube.ru/video/8ff8e417e7f9ff15d65554e3ef98a285/
200          https://rutube.ru/video/90f8df5e73d4deae6558acfeef5f664d/
200          https://rutube.ru/video/9106fcd236bd2f71ec716bbdcc59f814/
200          https://rutube.ru/video/912ce434323ec01fb1006e104e7e62da/
200          https://rutube.ru/video/919d551a0b8e93ba071c4f1fb46894ad/
200          https://rutube.ru/video/9202965ea5ff31b60f80468689f1bd8a/
200          https://rutube.ru/video/9221bb3e280a8ebe0059f28fadca00e7/
200          https://rutube.ru/video/93174b1b03a45ece2077006727deb43c/
200          https://rutube.ru/video/934c64119768ee891ba0f4dc21650882/
200          https://rutube.ru/video/935faa55593ecb268c1ea556c88288b0/
200          https://rutube.ru/video/938d570fe8fc3c5fe6d5ac45e538dc2f/
200          https://rutube.ru/video/93f3d4012cc56ac055e0de72e81ad21e/
200          https://rutube.ru/video/93f8de6f4e7bae60ab988ef8938c97f8/
200          https://rutube.ru/video/943b66127dcf5611821e9188d183789f/
200          https://rutube.ru/video/944ad99af4495f29ac59a63685bd0ab3/
200          https://rutube.ru/video/9461a8e29dbeb2e3b4bd6ff4aa1c63a9/
200          https://rutube.ru/video/9575ed8039138faded3cb23a08583197/
200          https://rutube.ru/video/95a8f129648be71f1c9df651fe3df822/
200          https://rutube.ru/video/95c1d8e5f37761e821ae05d1e016a79f/
200          https://rutube.ru/video/960cdd2d62cd7f08a6fc8554cb67390b/
200          https://rutube.ru/video/967635abff93d862473b997e54a8de6a/
200          https://rutube.ru/video/9780a33904bb773296f4971016fa225c/
200          https://rutube.ru/video/978c9a9e9b42cf4769c936541d791959/
200          https://rutube.ru/video/97a3410dd67f08691a3b148db5470edc/
200          https://rutube.ru/video/97ca45d6cd1d3ceead906164201326d0/
200          https://rutube.ru/video/986c2e6d0a3f385bd38024a619ed415d/
200          https://rutube.ru/video/990fd3568599e109f4ec835b3552a2f8/
200          https://rutube.ru/video/9939da17750c58beb30592abc099436c/
200          https://rutube.ru/video/9b86ddc3ce6976ee7b02475a01ec153a/
200          https://rutube.ru/video/9c3163878e5b70d39288596615ad8521/
200          https://rutube.ru/video/9ceec0bf319ae9d17121d57912ff70ba/
200          https://rutube.ru/video/9d06c356430052b4a8edce2e07e9a6f1/
200          https://rutube.ru/video/9d4986959e387d1d560c88765111aa63/
200          https://rutube.ru/video/9d6c3ff7231c916f64fa3837aa1a5b37/
200          https://rutube.ru/video/9da0e4fb3ea3e475aa515a11fe6435bc/
200          https://rutube.ru/video/9dd08dd8f9c61946adfb2da548d1bfc8/
200          https://rutube.ru/video/9dfacbdd127611d7978b7390af22e830/
200          https://rutube.ru/video/9f5508265017fda41e8f1e7407e72f56/
200          https://rutube.ru/video/a00a0de8d382d35ab805b2b8a60839d2/
200          https://rutube.ru/video/a020561e2096a53c4c5e640f17d82eac/
200          https://rutube.ru/video/a14e929511ab82378aa7738c1a867923/
200          https://rutube.ru/video/a1f135d897a31e096d939bdbf95588ba/
200          https://rutube.ru/video/a23e39a58d4ac573a02700bfb197371e/
200          https://rutube.ru/video/a2498118864da84b04249a4328f91d9b/
200          https://rutube.ru/video/a28c937b536688da17658b79a0072fc0/
200          https://rutube.ru/video/a29ddd16b4f934c62b218c1906ab6347/
200          https://rutube.ru/video/a2cf88bdde5d76ea19a05ca44a46d12d/
200          https://rutube.ru/video/a2d2d2bdc86d2a89ba5e3930f04b47c8/
200          https://rutube.ru/video/a3340249fcf6155111524eac6e224e8f/
200          https://rutube.ru/video/a3e3b47ec6c9ca194d99d3dc0744aa6d/
200          https://rutube.ru/video/a4dbb8091bd6f533881c39475510efa7/
200          https://rutube.ru/video/a56bd5db9a127ba971f1e40289beb461/
200          https://rutube.ru/video/a65fce72ab1848a5c635144eb1a25b5a/
200          https://rutube.ru/video/a66cba638d7fe51e363238799bd9154a/
200          https://rutube.ru/video/a6c207b4cd10ee98082f00912533df83/
200          https://rutube.ru/video/a6f2665892c09fd60985d9b85af4281f/
200          https://rutube.ru/video/a7987f85d17c94903698d31981eb7f8d/
200          https://rutube.ru/video/a79882de5ba244723d03629b10d95ec0/
200          https://rutube.ru/video/a7cec84d1754156f1335855d8fd1e068/
200          https://rutube.ru/video/a887e1cd53b51bb82e9d2d5f820ace7e/
200          https://rutube.ru/video/a8da20999619a731d8efaa4452542b81/
200          https://rutube.ru/video/a9f34979cccda942daf3b9996c45e6d9/
200          https://rutube.ru/video/ab44c1a294450741184f058b90f79302/
200          https://rutube.ru/video/aba8705ab9b7a302a3309d8097f18afb/
200          https://rutube.ru/video/abbc140b61865f732c8c8cd77d58e8d4/
200          https://rutube.ru/video/abc805c5ee6c607c9b9f847b190fe87e/
200          https://rutube.ru/video/ac2ed59088f4a94dbc935bb23730df9d/
200          https://rutube.ru/video/acaede716b93b24bc9a9363954e91475/
200          https://rutube.ru/video/acc303c14f1369b5a742a5fc432fae60/
200          https://rutube.ru/video/ad1679efc3ee722bbd4597aa012ec55d/
200          https://rutube.ru/video/ad3a23c34d57c0f4806b2047d3a803ea/
200          https://rutube.ru/video/ad533adfb70165b816c86e74dfca81bf/
200          https://rutube.ru/video/ad68355cbfd28b4cfddc107caf1c3e28/
200          https://rutube.ru/video/ad7e559dd3c065a79673bcc46cd2c3b2/
200          https://rutube.ru/video/ae1de946441cdc57b8b898f79b9fd44c/
200          https://rutube.ru/video/ae7f909d63c1993b04771b67d4703552/
200          https://rutube.ru/video/aea0f2debf1861cb5d11bdfa37646f97/
200          https://rutube.ru/video/aeba32f6a9dea0c14f4462a2ba4852b5/
200          https://rutube.ru/video/aedb70fba942c4a0e6fe8e991e63c248/
200          https://rutube.ru/video/af110910c7e46ea65c0e926c7ce04ff9/
200          https://rutube.ru/video/b0da1ce1aab2e3d37f19f6483d5595cc/
200          https://rutube.ru/video/b0ef22e3ca2d4016f1b53f82c03bac6a/
200          https://rutube.ru/video/b1387cf945de138b8a6ae2947b85059f/
200          https://rutube.ru/video/b1e1734385fcedf5c0e1afb573e57728/
200          https://rutube.ru/video/b201486a80f22984a7798d3f12ae1e92/
200          https://rutube.ru/video/b24f820bcfaf4aac6ae2a21bc4a2d5dc/
200          https://rutube.ru/video/b27d27cac337429a16050275dbd68a6c/
200          https://rutube.ru/video/b2a41a9c9dbcd59022f75107647507ee/
200          https://rutube.ru/video/b389448d428bc6815dd84ce0f4d1f14e/
200          https://rutube.ru/video/b398267ce474b5f99bf05b500af72033/
200          https://rutube.ru/video/b46b75a6e676e3ddaf8c422ca7f8587b/
200          https://rutube.ru/video/b49d905c43c0c906a1bc513fee6709d2/
200          https://rutube.ru/video/b510aeaf78b27484ff46902c403cc96a/
200          https://rutube.ru/video/b53f7119a9fcae3c6d80e9ad7723c7a3/
200          https://rutube.ru/video/b561c04d936d607ab2d00517976ff029/
200          https://rutube.ru/video/b5c9502f437fd61390057d128520b8d8/
200          https://rutube.ru/video/b5d5a0f1fedc619b044ebac75cd127d4/
200          https://rutube.ru/video/b79f3b4c8b70ce916ebecc1da67bb6b0/
200          https://rutube.ru/video/b93f662d6107e4e932578cf6991bdfef/
200          https://rutube.ru/video/b983fe97ec4779650541797dba867453/
200          https://rutube.ru/video/b9c42c812bf49f0d2e018a048c710ad3/
200          https://rutube.ru/video/ba3584a48e6d012e09159639633cc9ac/
200          https://rutube.ru/video/ba358e4011355c34c30400cda88c596d/
200          https://rutube.ru/video/ba3d3aa997abeedc795a3fe41d5f6694/
200          https://rutube.ru/video/ba425cb2543d62a3d329898479e216bd/
200          https://rutube.ru/video/bace543ada4232c3b12761073c20a0fa/
200          https://rutube.ru/video/bb8f5a24812a0b5a105833531e7cbaf9/
200          https://rutube.ru/video/bbbe78f25e37934e8f2354da471c8e99/
200          https://rutube.ru/video/bc0597dc1d8b9ac5d57205f88eaaad08/
200          https://rutube.ru/video/bc30d46821e1f5591b4c132d11470947/
200          https://rutube.ru/video/bc3391fd0b66214253d9d7d45281b555/
200          https://rutube.ru/video/bc420b4bf44cf63d8332ce9e02fa9d5d/
200          https://rutube.ru/video/bc6afbaf23b019bebf312172341f775b/
200          https://rutube.ru/video/bcb7fdda3a8bd1fad2aa1e0dd0aa9b17/
200          https://rutube.ru/video/bd38ca2f398790e037716080797f84d8/
200          https://rutube.ru/video/bd7e5a586eca78ecabed6a272594b490/
200          https://rutube.ru/video/bdad743d40bd8f84d7522750257cb0f2/
200          https://rutube.ru/video/bdc87cbc8cbd6c052b0f85c6fa7bf650/
200          https://rutube.ru/video/be36e6425f0220cb3a93bc494907a1ea/
200          https://rutube.ru/video/be98395dfb8913035eefa2fdc806214b/
200          https://rutube.ru/video/bf227de8a31360611deef18b636e116b/
200          https://rutube.ru/video/bfa41897df617c373f87d03d4b4a54f8/
200          https://rutube.ru/video/bfbe4c1e77b5be978c844e75b4072bac/
200          https://rutube.ru/video/c0c25c27de0179db3cf64bff2b86004f/
200          https://rutube.ru/video/c12418a98e21cd23ff9994ea6e69404e/
200          https://rutube.ru/video/c12ce400782c62c9712503f98b4173e6/
200          https://rutube.ru/video/c24edcf556139c9e0495277964917e35/
200          https://rutube.ru/video/c2b93dc5359f42ae582c00263f962c4a/
200          https://rutube.ru/video/c3572455511cd64445d06235e62d3c58/
200          https://rutube.ru/video/c3a5cb1bb7238be5fe0062f70d3ac675/
200          https://rutube.ru/video/c3e27eee3b1ebcd05e4ba6764e72a84f/
200          https://rutube.ru/video/c4fcf1a3d08afbd0b53c51ab743f6ffe/
200          https://rutube.ru/video/c56a7bf7d725ce982bc98a1e1a8bfaa2/
200          https://rutube.ru/video/c620c045d120ef29ed3bb38c6e3345a7/
200          https://rutube.ru/video/c6446225129f26856522f76907e604fb/
200          https://rutube.ru/video/c68047da52204760f82085b67d4d1c29/
200          https://rutube.ru/video/c6b1f9ccb8180d6bb0969aeb41577053/
200          https://rutube.ru/video/c6c930e4ab9d0122c6a69272ddb8d034/
200          https://rutube.ru/video/c74a41c60c9e7226b13643dfcd5f8484/
200          https://rutube.ru/video/c840c58e01f827230f77ddbfadd261f5/
200          https://rutube.ru/video/c86a075dd84b47c24465bc1998f3d29a/
200          https://rutube.ru/video/c91094e5b71d78c4a504fe07f81689ed/
200          https://rutube.ru/video/c9193f66f99f77c486bb1deac537534d/
200          https://rutube.ru/video/ca5b47a8834d5ededd45d88dd0b30c65/
200          https://rutube.ru/video/ca85bd489a3e5ae83869b05729208fda/
200          https://rutube.ru/video/cae74fe2ac0951f62db7f5eb58728c8d/
200          https://rutube.ru/video/cb7f5095f347501c81a0e06b50ce4f5b/
200          https://rutube.ru/video/cb878a1ffa5b07bec57bc706c751f7b3/
200          https://rutube.ru/video/cbccc712d802c8160bd41157330fcd24/
200          https://rutube.ru/video/cc8e88059438e594f2bc23e8a2666bfe/
200          https://rutube.ru/video/ccadb242dd84a9d1135cfb463c245966/
200          https://rutube.ru/video/ccaedd7a3ad4546d52e1f712faaa25c2/
200          https://rutube.ru/video/ccb6e37ac2d325d12f4133b709b1f680/
200          https://rutube.ru/video/cd17a018440f659cf593146642c2ad29/
200          https://rutube.ru/video/cd6f0acc5f5587a5dba164de037b416e/
200          https://rutube.ru/video/ce18bcb17dfe34236e6b2b4fbbb62754/
200          https://rutube.ru/video/ced1463bfe3a05eebbb1744e35aae927/
200          https://rutube.ru/video/cf9384de8adf724813d2be058a177a16/
200          https://rutube.ru/video/cfa0392a39e11295d3ed4282bb292364/
200          https://rutube.ru/video/cffdef58c1c53be4cf638af003e79b53/
200          https://rutube.ru/video/d00f63e86e8d7bae3ac5859f18f60347/
200          https://rutube.ru/video/d015f14b41e4c0b389c04f454b282011/
200          https://rutube.ru/video/d080c0b0f65d8fd6bd2804251d532d13/
200          https://rutube.ru/video/d0a935c1fb3f8a529e889f25466bb80e/
200          https://rutube.ru/video/d0cc080d7dc1cad62bb10ee0fdc0c70e/
200          https://rutube.ru/video/d0e21a51a5e873fc40743b46d36b2a38/
200          https://rutube.ru/video/d0f04557cfa02fa731f0ff507fbcc0ce/
200          https://rutube.ru/video/d130fd864cfe5dba3dfca35a61769d7a/
200          https://rutube.ru/video/d1463fe5d824407540b64d1d4597e068/
200          https://rutube.ru/video/d17f9e24cdc80b2e54b82e930b571c40/
200          https://rutube.ru/video/d191d123f52fba9b99e3972b3f378153/
200          https://rutube.ru/video/d1d81497927ce84e96ec482b107fd0c3/
200          https://rutube.ru/video/d22017b03020be215aca8a13a2ab90f1/
200          https://rutube.ru/video/d3b5427debbca617bca3387484d1f50b/
200          https://rutube.ru/video/d5035d22a669b542b16b3048154fdbb7/
200          https://rutube.ru/video/d62c6da2eb571d043880f2c2299131f4/
200          https://rutube.ru/video/d697560102daa3769a904c696b8ab9c9/
200          https://rutube.ru/video/d6b022f09e07d641fe1e6d43852224a5/
200          https://rutube.ru/video/d70872cb3e43dad6eb4ad3bf16eaaa7c/
200          https://rutube.ru/video/d7647de2f49937d545650b12fba89836/
200          https://rutube.ru/video/d7954db6f0ae6a5ab2e314de9f522791/
200          https://rutube.ru/video/d803d7f046aaa8ccb1254b1c5290233d/
200          https://rutube.ru/video/d843be2fd347823cb67d4ece943addfb/
200          https://rutube.ru/video/d88d01ba80901128b766cb1779772774/
200          https://rutube.ru/video/d8be908487c5cee5be7fe8bea0b6ed3b/
200          https://rutube.ru/video/d910b08234b23f485819c2cc119f52b1/
200          https://rutube.ru/video/d92e8bc779af6e2905ec751270289e57/
200          https://rutube.ru/video/d9bdbff89cd29d338513df4959c2fca0/
200          https://rutube.ru/video/da5aa5290307c70ab22a9c5c412a6b68/
200          https://rutube.ru/video/da88277ce6d9910947078efa36b24c88/
200          https://rutube.ru/video/db967d0131392b67780a28b3e556cd6e/
200          https://rutube.ru/video/dbc62d0f9296b066cd851059b5a098f4/
200          https://rutube.ru/video/dc0f9ceb2b1d2ba26efe91ed596132e7/
200          https://rutube.ru/video/dce3727e8b7ea237d953aec00a457a4a/
200          https://rutube.ru/video/dd08294f6230ad36cfdb45c80278c748/
200          https://rutube.ru/video/dd26f77e7852e83ba9bc9a9fdec00d54/
200          https://rutube.ru/video/deb8dbb93ce7808c85b4c82f11e33710/
200          https://rutube.ru/video/df8ccd6abee98d5343e28208314f8453/
200          https://rutube.ru/video/dff3303c0c8d8c7637f48883df07eda6/
200          https://rutube.ru/video/e041e74cbfe8e0ed43bc5c83a59105c2/
200          https://rutube.ru/video/e099a50ac0dec8b215e4ddc98beeb8e7/
200          https://rutube.ru/video/e114d90685cba15c54ab1b61a5c0cea8/
200          https://rutube.ru/video/e153c4b44f74200f7c4baf8da9861672/
200          https://rutube.ru/video/e18a0fd5b4e3a7b5fe5e655761a3b6b3/
200          https://rutube.ru/video/e1959005b0d0e6ff4bd81855fed3f8bb/
200          https://rutube.ru/video/e21299534a0211b35599b1271e6da227/
200          https://rutube.ru/video/e29777cefd32ef11a56f572b0fc5a1cc/
200          https://rutube.ru/video/e2b06a93da495557be080354681c0449/
200          https://rutube.ru/video/e2c9b1860bb4876b9e97d59f1a117fbc/
200          https://rutube.ru/video/e2df6c860cba40e866a5aeebb24a0b42/
200          https://rutube.ru/video/e2f5ecbd3cb10cf03363fd5a266cccf0/
200          https://rutube.ru/video/e30f141962a356c904cc18e070a58842/
200          https://rutube.ru/video/e39b203540be6b34b1c6728b8a73a8c4/
200          https://rutube.ru/video/e665ff6e06d7d4c450f6fd0ca6d55926/
200          https://rutube.ru/video/e7aa86befad55e2e24b4df6929673206/
200          https://rutube.ru/video/e92dccda054fbfc8d1f372d960ea8d21/
200          https://rutube.ru/video/eab41e22b4f0c30acadabb84f85a69ab/
200          https://rutube.ru/video/eae0e3029320f639a07379dbad7a4ef3/
200          https://rutube.ru/video/eaea731acd29e06119ee177af5039305/
200          https://rutube.ru/video/eb48a366d6a705abefe7f8df5e35e5a9/
200          https://rutube.ru/video/eb95f2b84cded134706985f1edb9e813/
200          https://rutube.ru/video/ebdf02eddb3a6b4eb4f9baba1bfc5aa2/
200          https://rutube.ru/video/ec75f0ed56033657fccf158e0bcf40b3/
200          https://rutube.ru/video/ec86f0a3d0b650b6207c3422ddac8e30/
200          https://rutube.ru/video/ecb6ff0a55b066f481e8d9e254cb5177/
200          https://rutube.ru/video/ed8ce04f0ebca619a03a78850cf4b1f5/
200          https://rutube.ru/video/ede9cd988251073afd399a16fb0ed02e/
200          https://rutube.ru/video/edfc50733b8edeb68f8049c26963be1f/
200          https://rutube.ru/video/ee30d3b65b4d9bfc7454717376c2110a/
200          https://rutube.ru/video/ee665cc5385398de5dae4647d5d6d03d/
200          https://rutube.ru/video/eec6b4644e4ab188de235dda8f324907/
200          https://rutube.ru/video/ef87838406d6f9b8916260837393fc64/
200          https://rutube.ru/video/f04b785ba397d4dc39df26eaf229951e/
200          https://rutube.ru/video/f0ab1ce15583b1e6d9e012c5ed3a1070/
200          https://rutube.ru/video/f0affb86c5ceafa32c5559ed7f48f587/
200          https://rutube.ru/video/f0e00f62781d8ca896c82f27857af9e9/
200          https://rutube.ru/video/f0e3f219d18c4bbc28bb6ad5cd5f2c6e/
200          https://rutube.ru/video/f10ecaf7ccda711d962212ea19959f49/
200          https://rutube.ru/video/f13fa0686060038dbcdf072a64bbb737/
200          https://rutube.ru/video/f1753ee281ba370d604783636bd576ce/
200          https://rutube.ru/video/f210a7ae2ae0277345c21a6197fe481a/
200          https://rutube.ru/video/f21c42db8006720b8cda88c4755ef53e/
200          https://rutube.ru/video/f24837db8a1231dd76184ebf63f3add7/
200          https://rutube.ru/video/f289ab3f809330c8f5d2570c1dd9c5d7/
200          https://rutube.ru/video/f33915e2c3786e2771ceae7db4bfe60a/
200          https://rutube.ru/video/f339b04fdb4a5ede888050621a1e3a91/
200          https://rutube.ru/video/f379f719a9b3cf54b512d9d59e679d41/
200          https://rutube.ru/video/f3891fbd5e2baca186afa0cfc13742bd/
200          https://rutube.ru/video/f3bc3f7fa5d09f1937846a35e23bb871/
200          https://rutube.ru/video/f3f95ae37ff97fcf6f3ce7bfa5519ffb/
200          https://rutube.ru/video/f4acd02db1210da8f1e787427a4fa8ae/
200          https://rutube.ru/video/f4c584ff5a09c59529dac76c69f19ea9/
200          https://rutube.ru/video/f5a25516d3238428780f798ea4ccc713/
200          https://rutube.ru/video/f61299b2b20f28cb009abe398d29fb19/
200          https://rutube.ru/video/f63ae81b6171f5565d3b7a14f821bdd8/
200          https://rutube.ru/video/f65b9067286fe04621fcd8427e9f09f1/
200          https://rutube.ru/video/f6b3e95850575a79820116e1eaf99690/
200          https://rutube.ru/video/f76bc4c86bde1c372f63999068a91738/
200          https://rutube.ru/video/f80ef74eb301c96a0159afedd02e6383/
200          https://rutube.ru/video/f8bd673ca16aeafc9fd15853f539338e/
200          https://rutube.ru/video/f8be8087c8f667dd3cef945e42ec98f3/
200          https://rutube.ru/video/f968c41d419f2d43948951c2d8419dad/
200          https://rutube.ru/video/f97626f156be3604a071261136bfbb3d/
200          https://rutube.ru/video/f9a0cf15de5bffb6ff95aaee0f7f78ff/
200          https://rutube.ru/video/f9e3013895eb24217db2f1477952dbe7/
200          https://rutube.ru/video/fadec237ad672c3d419c3b1618160aa4/
200          https://rutube.ru/video/fb6aa3aeca38665d5b961481f706da6a/
200          https://rutube.ru/video/fb8a9052281ade93ac7a4414dce2540d/
200          https://rutube.ru/video/fbb4d0c94d001300eb22901a4db66465/
200          https://rutube.ru/video/fca7bbe8aced04b972e4e9d63f8b82f2/
200          https://rutube.ru/video/fcec5f8b3f7124970b40faf990a2ae2f/
200          https://rutube.ru/video/fd007285343b8b911f70de59d279fe72/
200          https://rutube.ru/video/fd206fe935f43577e3c9e9e967d40efa/
200          https://rutube.ru/video/fd4fd14a3362961f2283c1fa916ce68d/
200          https://rutube.ru/video/fd9dd9c59f1cec3ace2758ef70b7516d/
200          https://rutube.ru/video/fdd413d766375b26c9cc74565c37e319/
200          https://rutube.ru/video/fde1549feb6ffa218fe3ec4a16fe90ea/
200          https://rutube.ru/video/fe7e125f9a9ffca65e1a07e6bcc4bef5/
200          https://rutube.ru/video/fe8215c142bf21b3df9c0118c507c5fc/
200          https://rutube.ru/video/fedfb298752e31c4474163d38fba9941/
200          https://rutube.ru/video/fef21837a0ed59799245db5e30bb7ea3/
200          https://rutube.ru/video/ff027ed2d9b31aa5ea69e64a8c1be869/
200          https://rutube.ru/video/person/74398381/
200          https://rutube.ru/video/person/7803068/
200          https://school105.ru/storage_drive/svedeniya-ob-oo/osnovnye-svedeniya/obrazovanie/om/5-9/%D0%98%D1%81%D1%82%D0%BE%D1%80%D0%B8%D1%8F/%D0%9A%D0%BE%D0%BD%D1%82%D1%80%D0%BE%D0%BB%D1%8C%D0%BD%D0%B0%D1%8F%20%D1%80%D0%B0%D0%B1%D0%BE%D1%82%D0%B0%20%D0%BF%D0%BE%20%D0%B8%D1%81%D1%82%D0%BE%D1%80%D0%B8%D0%B8%207%20%D0%BA%D0%BB%D0%B0%D1%81%D1%81%20%D0%BD%D0%BE%D0%B2%D0%B0%D1%8F%20%D0%B8%D1%81%D1%82%D0%BE%D1%80%D0%B8%D1%8F.pdf
200          https://school56.gosuslugi.ru/
200          https://school56.gosuslugi.ru/netcat_files/67/3002/OOP_OOO_2025.pdf
200          https://skills4u.ru/school/istoriya/
200          https://smotrim.ru/brand/67400
403          https://store.steampowered.com/app/775430/Discovery_Tour_by_Assassins_Creed_Ancient_Egypt/?l=russian
403          https://store.steampowered.com/search/?term=Discovery+Tour&l=russian
403          https://store.steampowered.com/search/?term=Pharaoh&l=russian
403          https://store.steampowered.com/search/?term=Zeus+Master+of+Olympus&l=russian
200          https://t.me/+flGQcfm7iqlhMGRi
200          https://uchi.ru/subjects/algebra
200          https://uchi.ru/subjects/english
200          https://uchi.ru/subjects/geometry
200          https://uchi.ru/subjects/history
200          https://uchitel.pro/%D0%B0%D0%BB%D0%B3%D0%B5%D0%B1%D1%80%D0%B0-8-%D0%BA%D0%BE%D0%BD%D1%82%D1%80%D0%BE%D0%BB%D1%8C%D0%BD%D1%8B%D0%B5-%D1%80%D0%B0%D0%B1%D0%BE%D1%82%D1%8B-%D0%BC/
200          https://umkniga.ru/shkola/krayneva-matematika-algebra-8-klass-kontrolnye-i-samostoyatelnye-raboty-bazovyy-uroven-umk-makarycheva_259107.html
200          https://videouroki.net/tests/algebra/7-class/
200          https://videouroki.net/tests/algebra/8-class/
200          https://videouroki.net/tests/alghiebraichieskiie-vyrazhieniia-alghiebraichieskaia-drob-variant-1.html
200          https://videouroki.net/tests/arifmietichieskii-kvadratnyi-korien-16.html
200          https://videouroki.net/tests/chisla-na-koordinatnoi-priamoi-vpr-8-klass-4.html
200          https://videouroki.net/tests/chislovyie-vyrazhieniia-10.html
200          https://videouroki.net/tests/chislovyie-vyrazhieniia-8.html
200          https://videouroki.net/tests/chislovyie-vyrazhieniia-9.html
200          https://videouroki.net/tests/dieistviia-s-drobiami-11.html
200          https://videouroki.net/tests/formuly-sokrashchionnogho-umnozhieniia-6.html
200          https://videouroki.net/tests/funktsii-i-ikh-ghrafiki-3.html
200          https://videouroki.net/tests/funktsii-i-ikh-ghrafiki-4.html
200          https://videouroki.net/tests/geometry/8-class/
200          https://videouroki.net/tests/itoghovyi-tiest-alghiebra-7-klass.html
200          https://videouroki.net/tests/itoghovyi-tiest-po-tiemie-ploshchad.html
200          https://videouroki.net/tests/itoghovyi-tiest-po-tiemie-trieughol-niki.html
200          https://videouroki.net/tests/kontrol-naia-rabota-po-alghiebrie.html
200          https://videouroki.net/tests/kvadrata-summy-i-raznosti-dvukh-vyrazhienii.html
200          https://videouroki.net/tests/kvadratnyi-korien-iz-proizviedieniia-i-drobi-1.html
200          https://videouroki.net/tests/kvadratnyi-korien-iz-proizviedieniia-i-drobi-2.html
200          https://videouroki.net/tests/kvadratnyi-korien-iz-proizviedieniia-i-drobi-3.html
200          https://videouroki.net/tests/kvadratnyi-korien-iz-stiepieni-4.html
200          https://videouroki.net/tests/kvadratnyie-korni-16.html
200          https://videouroki.net/tests/kvadratnyie-uravnieniia-34.html
200          https://videouroki.net/tests/kvadratnyie-uravnieniie-1.html
200          https://videouroki.net/tests/linieinaia-funktsiia-i-ieie-svoistva.html
200          https://videouroki.net/tests/linieinoie-uravnieniie-2.html
200          https://videouroki.net/tests/linieinoie-uravnieniie-s-odnoi-pieriemiennoi-4.html
200          https://videouroki.net/tests/matiematichieskaia-modiel.html
200          https://videouroki.net/tests/mnoghoughol-niki-parallieloghramm-i-trapietsiia-priamoughol-nik-romb-kvadrat.html
200          https://videouroki.net/tests/niepolnyie-kvadratnyie-uravnieniia-4.html
200          https://videouroki.net/tests/odnochlien-umnozhieniie-odnochlienov.html
200          https://videouroki.net/tests/parallieloghramm-i-trapietsiia-svoistva-i-priznaki.html
200          https://videouroki.net/tests/ploshchadi-fighur-7.html
200          https://videouroki.net/tests/podghotovka-k-vpr-57.html
200          https://videouroki.net/tests/podghotovka-k-vpr-po-matiematikie-1.html
200          https://videouroki.net/tests/podghotovka-k-vpr-za-8-klass-razdiel-vieroiatnost-i-statistika.html
200          https://videouroki.net/tests/podobiie-trieughol-nikov-4.html
200          https://videouroki.net/tests/podobnyie-trieughol-niki-7.html
200          https://videouroki.net/tests/poniatiie-ratsional-nogho-chisla-1.html
200          https://videouroki.net/tests/povtorieniie-prieobrazovaniie-tsielogho-vyrazhieniia-v-mnoghochlien.html
200          https://videouroki.net/tests/povtorieniie-uravnienii-podghotovka-k-vpr.html
200          https://videouroki.net/tests/promiezhutochnaia-attiestatsiia-po-alghiebrie-dlia-7-klassa.html
200          https://videouroki.net/tests/provierochnaia-rabota-po-tiemie-prieobrazovaniie-ratsional-nykh-vyrazhienii.html
200          https://videouroki.net/tests/provierochnyi-tiest-56.html
200          https://videouroki.net/tests/samostoiatiel-naia-rabota-96.html
200          https://videouroki.net/tests/sootnoshieniia-miezhdu-ughlami-i-storonami-priamoughol-nogho-trieughol-nika.html
200          https://videouroki.net/tests/sravnieniie-znachienii-vyrazhienii-1.html
200          https://videouroki.net/tests/stiepien-s-natural-nym-pokazatieliem-12.html
200          https://videouroki.net/tests/stiepien-s-natural-nym-pokazatieliem-13.html
200          https://videouroki.net/tests/stiepien-s-tsielym-otritsatiel-nym-pokazatieliem-3.html
200          https://videouroki.net/tests/svoistva-funktsii-11.html
200          https://videouroki.net/tests/svoistva-parallieloghramma.html
200          https://videouroki.net/tests/svoistva-stiepieni-4.html
200          https://videouroki.net/tests/svoistva-stiepieni-5.html
200          https://videouroki.net/tests/tiest-1-7-klass-alghiebra-vpr-chislovyie-vyrazhieniia.html
200          https://videouroki.net/tests/tiest-1944.html
200          https://videouroki.net/tests/tiest-2-7-klass-alghiebra-vpr-uravnieniia.html
200          https://videouroki.net/tests/tiest-3-7-klass-alghiebra-vpr-skorosti.html
200          https://videouroki.net/tests/tiest-chislovyie-vyrazhieniia-1.html
200          https://videouroki.net/tests/tiest-na-rieshieniie-drobnykh-ratsional-nykh-uravnienii.html
200          https://videouroki.net/tests/tiest-po-tiemie-podobnyie-trieughol-niki.html
200          https://videouroki.net/tests/tiest-po-tiemie-svoistva-chislovykh-nieravienstv.html
200          https://videouroki.net/tests/tiest-po-tiemie-svoistva-stiepieni-s-tsielym-pokazatieliem-3.html
200          https://videouroki.net/tests/tiestovyie-zadaniia-po-alghiebrie-dlia-7-klassa-tiema-odnochlien-stiepien-odnoch.html
200          https://videouroki.net/tests/trienirovochnyi-tiest-rieshieniie-linieinykh-uravnienii.html
200          https://videouroki.net/tests/trienirovochnyi-tiest-vychislieniie-znachieniia-vyrazhieniia-s-pieriemiennymi.html
200          https://videouroki.net/tests/umnozhieniie-mnoghochliena-na-mnoghochlien-9.html
200          https://videouroki.net/tests/uproshchieniie-vyrazhieniia-s-ispol-zovaniiem-formuly-summy-i-raznosti-kubov-dvu.html
200          https://videouroki.net/tests/uravnieniia-41.html
200          https://videouroki.net/tests/vieroiatnost-i-statistika-opisatiel-naia-statistika.html
200          https://videouroki.net/tests/vkhodnaia-startovaia-rabota-po-ghieomietrii-dlia-8-klassa.html
200          https://videouroki.net/tests/vozviedieniie-proizviedieniia-i-stiepieni-v-stiepien.html
200          https://videouroki.net/tests/vyniesieniie-mnozhitielia-za-znak-kornia-vniesieniie-mnozhitielia-pod-znak-kor-5.html
200          https://videouroki.net/tests/zadachi-na-priznaki-ravienstva-trieughol-nikov.html
200          https://visit-ivanovoobl.ru/
200          https://vkplay.ru/play/game/smuta/
200          https://vkplay.ru/play/game/smutnoe-vremya-belyj-gorod/
200          https://vkplay.ru/play/game/smutnoe-vremya-kazachij-krug/
200          https://vkplay.ru/play/game/smutnoe-vremya-moskva/
200          https://vkplay.ru/play/game/smutnoe-vremya-nizhnij-novgorod/
200          https://vkplay.ru/play/game/smutnoe-vremya-yaroslavl/
200          https://vpr.sdamgia.ru/
200          https://vprklass.ru/5-klass/istorija/vpr-po-istorii-5-klass-2026-varianty-s-otvetami
200          https://vprklass.ru/7-klass/istorija-7-klass/
200          https://vprklass.ru/7-klass/istorija-7-klass/vpr-7-klass-tipovye-zadanija-i-otvety-po-istorii-2026
200          https://vprklass.ru/7-klass/istorija-7-klass/vpr-po-istorii-7-klass-varianty-s-otvetami-2026-goda
200          https://vprklass.ru/a/vpr2025-7kl-is-var1-1-o.pdf
200          https://vprklass.ru/a/vpr2025-7kl-is-var1-1.pdf
200          https://vprklass.ru/a/vpr2025-7kl-is-var1-2-o.pdf
200          https://vprklass.ru/a/vpr2025-7kl-is-var1-2.pdf
200          https://vprklass.ru/a/vpr2025-7kl-is-var2-1-o.pdf
200          https://vprklass.ru/a/vpr2025-7kl-is-var2-1.pdf
200          https://vprklass.ru/a/vpr2025-7kl-is-var2-2-o.pdf
200          https://vprklass.ru/a/vpr2025-7kl-is-var2-2.pdf
200          https://vprklass.ru/a/vpr2025-7kl-is-var3-1-o.pdf
200          https://vprklass.ru/a/vpr2025-7kl-is-var3-1.pdf
200          https://vprklass.ru/a/vpr2025-7kl-is-var3-2-o.pdf
200          https://vprklass.ru/a/vpr2025-7kl-is-var3-2.pdf
200          https://vprklass.ru/a/vpr2025-7kl-is-var4-1-o.pdf
200          https://vprklass.ru/a/vpr2025-7kl-is-var4-1.pdf
200          https://vprklass.ru/a/vpr2025-7kl-is-var4-2-o.pdf
200          https://vprklass.ru/a/vpr2025-7kl-is-var4-2.pdf
200          https://vprklass.ru/a/vpr2025-7kl-is-var5-1-o.pdf
200          https://vprklass.ru/a/vpr2025-7kl-is-var5-1.pdf
200          https://vprklass.ru/a/vpr2025-7kl-is-var5-2-o.pdf
200          https://vprklass.ru/a/vpr2025-7kl-is-var5-2.pdf
200          https://vprklass.ru/a/vpr2025-7kl-ma-var1-1-ch1-o.pdf
200          https://vprklass.ru/a/vpr2025-7kl-ma-var1-1-ch1.pdf
200          https://vprklass.ru/a/vpr2025-7kl-ma-var1-1-ch2-o.pdf
200          https://vprklass.ru/a/vpr2025-7kl-ma-var1-1-ch2.pdf
200          https://vprklass.ru/a/vpr2025-7kl-ma-var1-2-ch1-o.pdf
200          https://vprklass.ru/a/vpr2025-7kl-ma-var1-2-ch1.pdf
200          https://vprklass.ru/a/vpr2025-7kl-ma-var1-2-ch2-o.pdf
200          https://vprklass.ru/a/vpr2025-7kl-ma-var1-2-ch2.pdf
200          https://vprklass.ru/a/vpr2025-7kl-ma-var2-1-ch1-o.pdf
200          https://vprklass.ru/a/vpr2025-7kl-ma-var2-1-ch1.pdf
200          https://vprklass.ru/a/vpr2025-7kl-ma-var2-1-ch2-o.pdf
200          https://vprklass.ru/a/vpr2025-7kl-ma-var2-1-ch2.pdf
200          https://vprklass.ru/a/vpr2025-7kl-ma-var2-2-ch1-o.pdf
200          https://vprklass.ru/a/vpr2025-7kl-ma-var2-2-ch1.pdf
200          https://vprklass.ru/a/vpr2025-7kl-ma-var2-2-ch2-o.pdf
200          https://vprklass.ru/a/vpr2025-7kl-ma-var2-2-ch2.pdf
200          https://vprklass.ru/a/vpr2025-7kl-ma-var3-1-ch1-o.pdf
200          https://vprklass.ru/a/vpr2025-7kl-ma-var3-1-ch1.pdf
200          https://vprklass.ru/a/vpr2025-7kl-ma-var3-1-ch2-o.pdf
200          https://vprklass.ru/a/vpr2025-7kl-ma-var3-1-ch2.pdf
200          https://vprklass.ru/a/vpr2025-7kl-ma-var3-2-ch1-o.pdf
200          https://vprklass.ru/a/vpr2025-7kl-ma-var3-2-ch1.pdf
200          https://vprklass.ru/a/vpr2025-7kl-ma-var3-2-ch2-o.pdf
200          https://vprklass.ru/a/vpr2025-7kl-ma-var3-2-ch2.pdf
200          https://vprklass.ru/a/vpr2025-7kl-ma-var4-1-ch1-o.pdf
200          https://vprklass.ru/a/vpr2025-7kl-ma-var4-1-ch1.pdf
200          https://vprklass.ru/a/vpr2025-7kl-ma-var4-1-ch2-o.pdf
200          https://vprklass.ru/a/vpr2025-7kl-ma-var4-1-ch2.pdf
200          https://vprklass.ru/a/vpr2025-7kl-ma-var4-2-ch1-o.pdf
200          https://vprklass.ru/a/vpr2025-7kl-ma-var4-2-ch1.pdf
200          https://vprklass.ru/a/vpr2025-7kl-ma-var4-2-ch2-o.pdf
200          https://vprklass.ru/a/vpr2025-7kl-ma-var4-2-ch2.pdf
200          https://vprklass.ru/a/vpr2025-7kl-ma-var5-1-ch1-o.pdf
200          https://vprklass.ru/a/vpr2025-7kl-ma-var5-1-ch1.pdf
200          https://vprklass.ru/a/vpr2025-7kl-ma-var5-1-ch2-o.pdf
200          https://vprklass.ru/a/vpr2025-7kl-ma-var5-1-ch2.pdf
200          https://vprklass.ru/a/vpr2025-7kl-ma-var5-2-ch1-o.pdf
200          https://vprklass.ru/a/vpr2025-7kl-ma-var5-2-ch1.pdf
200          https://vprklass.ru/a/vpr2025-7kl-ma-var5-2-ch2-o.pdf
200          https://vprklass.ru/a/vpr2025-7kl-ma-var5-2-ch2.pdf
200          https://vprklass.ru/a/vpr2025-8kl-ma-p-var1-1-ch1-o.pdf
200          https://vprklass.ru/a/vpr2025-8kl-ma-p-var1-1-ch1.pdf
200          https://vprklass.ru/a/vpr2025-8kl-ma-p-var1-1-ch2-o.pdf
200          https://vprklass.ru/a/vpr2025-8kl-ma-p-var1-1-ch2.pdf
200          https://vprklass.ru/a/vpr2025-8kl-ma-p-var1-2-ch1-o.pdf
200          https://vprklass.ru/a/vpr2025-8kl-ma-p-var1-2-ch1.pdf
200          https://vprklass.ru/a/vpr2025-8kl-ma-p-var1-2-ch2-o.pdf
200          https://vprklass.ru/a/vpr2025-8kl-ma-p-var1-2-ch2.pdf
200          https://vprklass.ru/a/vpr2025-8kl-ma-p-var2-1-ch1-o.pdf
200          https://vprklass.ru/a/vpr2025-8kl-ma-p-var2-1-ch1.pdf
200          https://vprklass.ru/a/vpr2025-8kl-ma-p-var2-1-ch2-o.pdf
200          https://vprklass.ru/a/vpr2025-8kl-ma-p-var2-1-ch2.pdf
200          https://vprklass.ru/a/vpr2025-8kl-ma-p-var2-2-ch1-o.pdf
200          https://vprklass.ru/a/vpr2025-8kl-ma-p-var2-2-ch1.pdf
200          https://vprklass.ru/a/vpr2025-8kl-ma-p-var2-2-ch2-o.pdf
200          https://vprklass.ru/a/vpr2025-8kl-ma-p-var2-2-ch2.pdf
200          https://vprklass.ru/a/vpr2025-8kl-ma-p-var3-1-ch1-o.pdf
200          https://vprklass.ru/a/vpr2025-8kl-ma-p-var3-1-ch1.pdf
200          https://vprklass.ru/a/vpr2025-8kl-ma-p-var3-1-ch2-o.pdf
200          https://vprklass.ru/a/vpr2025-8kl-ma-p-var3-1-ch2.pdf
200          https://vprklass.ru/a/vpr2025-8kl-ma-p-var3-2-ch1-o.pdf
200          https://vprklass.ru/a/vpr2025-8kl-ma-p-var3-2-ch1.pdf
200          https://vprklass.ru/a/vpr2025-8kl-ma-p-var3-2-ch2-o.pdf
200          https://vprklass.ru/a/vpr2025-8kl-ma-p-var3-2-ch2.pdf
200          https://vprklass.ru/a/vpr2025-8kl-ma-var1-1-ch1-o.pdf
200          https://vprklass.ru/a/vpr2025-8kl-ma-var1-1-ch1.pdf
200          https://vprklass.ru/a/vpr2025-8kl-ma-var1-1-ch2-o.pdf
200          https://vprklass.ru/a/vpr2025-8kl-ma-var1-1-ch2.pdf
200          https://vprklass.ru/a/vpr2025-8kl-ma-var1-2-ch1-o.pdf
200          https://vprklass.ru/a/vpr2025-8kl-ma-var1-2-ch1.pdf
200          https://vprklass.ru/a/vpr2025-8kl-ma-var1-2-ch2-o.pdf
200          https://vprklass.ru/a/vpr2025-8kl-ma-var1-2-ch2.pdf
200          https://vprklass.ru/a/vpr2025-8kl-ma-var2-1-ch1-o.pdf
200          https://vprklass.ru/a/vpr2025-8kl-ma-var2-1-ch1.pdf
200          https://vprklass.ru/a/vpr2025-8kl-ma-var2-1-ch2-o.pdf
200          https://vprklass.ru/a/vpr2025-8kl-ma-var2-1-ch2.pdf
200          https://vprklass.ru/a/vpr2025-8kl-ma-var2-2-ch1-o.pdf
200          https://vprklass.ru/a/vpr2025-8kl-ma-var2-2-ch1.pdf
200          https://vprklass.ru/a/vpr2025-8kl-ma-var2-2-ch2-o.pdf
200          https://vprklass.ru/a/vpr2025-8kl-ma-var2-2-ch2.pdf
200          https://vprklass.ru/a/vpr2025-8kl-ma-var3-1-ch1-o.pdf
200          https://vprklass.ru/a/vpr2025-8kl-ma-var3-1-ch1.pdf
200          https://vprklass.ru/a/vpr2025-8kl-ma-var3-1-ch2-o.pdf
200          https://vprklass.ru/a/vpr2025-8kl-ma-var3-1-ch2.pdf
200          https://vprklass.ru/a/vpr2025-8kl-ma-var3-2-ch1-o.pdf
200          https://vprklass.ru/a/vpr2025-8kl-ma-var3-2-ch1.pdf
200          https://vprklass.ru/a/vpr2025-8kl-ma-var3-2-ch2-o.pdf
200          https://vprklass.ru/a/vpr2025-8kl-ma-var3-2-ch2.pdf
200          https://vprklass.ru/a/vpr2025-8kl-ma-var4-1-ch1-o.pdf
200          https://vprklass.ru/a/vpr2025-8kl-ma-var4-1-ch1.pdf
200          https://vprklass.ru/a/vpr2025-8kl-ma-var4-1-ch2-o.pdf
200          https://vprklass.ru/a/vpr2025-8kl-ma-var4-1-ch2.pdf
200          https://vprklass.ru/a/vpr2025-8kl-ma-var4-2-ch1-o.pdf
200          https://vprklass.ru/a/vpr2025-8kl-ma-var4-2-ch1.pdf
200          https://vprklass.ru/a/vpr2025-8kl-ma-var4-2-ch2-o.pdf
200          https://vprklass.ru/a/vpr2025-8kl-ma-var4-2-ch2.pdf
200          https://vprklass.ru/a/vpr2025-8kl-ma-var5-1-ch1-o.pdf
200          https://vprklass.ru/a/vpr2025-8kl-ma-var5-1-ch1.pdf
200          https://vprklass.ru/a/vpr2025-8kl-ma-var5-1-ch2-o.pdf
200          https://vprklass.ru/a/vpr2025-8kl-ma-var5-1-ch2.pdf
200          https://vprklass.ru/a/vpr2025-8kl-ma-var5-2-ch1-o.pdf
200          https://vprklass.ru/a/vpr2025-8kl-ma-var5-2-ch1.pdf
200          https://vprklass.ru/a/vpr2025-8kl-ma-var5-2-ch2-o.pdf
200          https://vprklass.ru/a/vpr2025-8kl-ma-var5-2-ch2.pdf
200          https://vprklass.ru/vpr/vpr2022-5kl-is-var1-1-otvet.pdf
200          https://vprklass.ru/vpr/vpr2022-5kl-is-var1-1.pdf
200          https://vprklass.ru/vpr/vpr2022-5kl-is-var1-2-otvet.pdf
200          https://vprklass.ru/vpr/vpr2022-5kl-is-var1-2.pdf
200          https://vprklass.ru/vpr/vpr2022-5kl-is-var10-1-otvet.pdf
200          https://vprklass.ru/vpr/vpr2022-5kl-is-var10-1.pdf
200          https://vprklass.ru/vpr/vpr2022-5kl-is-var10-2-otvet.pdf
200          https://vprklass.ru/vpr/vpr2022-5kl-is-var10-2.pdf
200          https://vprklass.ru/vpr/vpr2022-5kl-is-var2-1-otvet.pdf
200          https://vprklass.ru/vpr/vpr2022-5kl-is-var2-1.pdf
200          https://vprklass.ru/vpr/vpr2022-5kl-is-var2-2-otvet.pdf
200          https://vprklass.ru/vpr/vpr2022-5kl-is-var2-2.pdf
200          https://vprklass.ru/vpr/vpr2022-5kl-is-var3-1-otvet.pdf
200          https://vprklass.ru/vpr/vpr2022-5kl-is-var3-1.pdf
200          https://vprklass.ru/vpr/vpr2022-5kl-is-var3-2-otvet.pdf
200          https://vprklass.ru/vpr/vpr2022-5kl-is-var3-2.pdf
200          https://vprklass.ru/vpr/vpr2022-5kl-is-var4-1-otvet.pdf
200          https://vprklass.ru/vpr/vpr2022-5kl-is-var4-1.pdf
200          https://vprklass.ru/vpr/vpr2022-5kl-is-var4-2-otvet.pdf
200          https://vprklass.ru/vpr/vpr2022-5kl-is-var4-2.pdf
200          https://vprklass.ru/vpr/vpr2022-5kl-is-var5-1-otvet.pdf
200          https://vprklass.ru/vpr/vpr2022-5kl-is-var5-1.pdf
200          https://vprklass.ru/vpr/vpr2022-5kl-is-var5-2-otvet.pdf
200          https://vprklass.ru/vpr/vpr2022-5kl-is-var5-2.pdf
200          https://vprklass.ru/vpr/vpr2022-5kl-is-var6-1-otvet.pdf
200          https://vprklass.ru/vpr/vpr2022-5kl-is-var6-1.pdf
200          https://vprklass.ru/vpr/vpr2022-5kl-is-var6-2-otvet.pdf
200          https://vprklass.ru/vpr/vpr2022-5kl-is-var6-2.pdf
200          https://vprklass.ru/vpr/vpr2022-5kl-is-var7-1-otvet.pdf
200          https://vprklass.ru/vpr/vpr2022-5kl-is-var7-1.pdf
200          https://vprklass.ru/vpr/vpr2022-5kl-is-var7-2-otvet.pdf
200          https://vprklass.ru/vpr/vpr2022-5kl-is-var7-2.pdf
200          https://vprklass.ru/vpr/vpr2022-5kl-is-var8-1-otvet.pdf
200          https://vprklass.ru/vpr/vpr2022-5kl-is-var8-1.pdf
200          https://vprklass.ru/vpr/vpr2022-5kl-is-var8-2-otvet.pdf
200          https://vprklass.ru/vpr/vpr2022-5kl-is-var8-2.pdf
200          https://vprklass.ru/vpr/vpr2022-5kl-is-var9-1-otvet.pdf
200          https://vprklass.ru/vpr/vpr2022-5kl-is-var9-1.pdf
200          https://vprklass.ru/vpr/vpr2022-5kl-is-var9-2-otvet.pdf
200          https://vprklass.ru/vpr/vpr2022-5kl-is-var9-2.pdf
200          https://vprklass.ru/vpr/vpr2022-7kl-is-demo.pdf
200          https://vprklass.ru/vpr/vpr2022-7kl-is-opisanie.pdf
200          https://vprklass.ru/vpr/vpr2022-7kl-is-var1-1-otvet.pdf
200          https://vprklass.ru/vpr/vpr2022-7kl-is-var1-1.pdf
200          https://vprklass.ru/vpr/vpr2022-7kl-is-var1-2-otvet.pdf
200          https://vprklass.ru/vpr/vpr2022-7kl-is-var1-2.pdf
200          https://vprklass.ru/vpr/vpr2022-7kl-is-var10-1-otvet.pdf
200          https://vprklass.ru/vpr/vpr2022-7kl-is-var10-1.pdf
200          https://vprklass.ru/vpr/vpr2022-7kl-is-var10-2-otvet.pdf
200          https://vprklass.ru/vpr/vpr2022-7kl-is-var10-2.pdf
200          https://vprklass.ru/vpr/vpr2022-7kl-is-var2-1-otvet.pdf
200          https://vprklass.ru/vpr/vpr2022-7kl-is-var2-1.pdf
200          https://vprklass.ru/vpr/vpr2022-7kl-is-var2-2-otvet.pdf
200          https://vprklass.ru/vpr/vpr2022-7kl-is-var2-2.pdf
200          https://vprklass.ru/vpr/vpr2022-7kl-is-var3-1-otvet.pdf
200          https://vprklass.ru/vpr/vpr2022-7kl-is-var3-1.pdf
200          https://vprklass.ru/vpr/vpr2022-7kl-is-var3-2-otvet.pdf
200          https://vprklass.ru/vpr/vpr2022-7kl-is-var3-2.pdf
200          https://vprklass.ru/vpr/vpr2022-7kl-is-var4-1-otvet.pdf
200          https://vprklass.ru/vpr/vpr2022-7kl-is-var4-1.pdf
200          https://vprklass.ru/vpr/vpr2022-7kl-is-var4-2-otvet.pdf
200          https://vprklass.ru/vpr/vpr2022-7kl-is-var4-2.pdf
200          https://vprklass.ru/vpr/vpr2022-7kl-is-var5-1-otvet.pdf
200          https://vprklass.ru/vpr/vpr2022-7kl-is-var5-1.pdf
200          https://vprklass.ru/vpr/vpr2022-7kl-is-var5-2-otvet.pdf
200          https://vprklass.ru/vpr/vpr2022-7kl-is-var5-2.pdf
200          https://vprklass.ru/vpr/vpr2022-7kl-is-var6-1-otvet.pdf
200          https://vprklass.ru/vpr/vpr2022-7kl-is-var6-1.pdf
200          https://vprklass.ru/vpr/vpr2022-7kl-is-var6-2-otvet.pdf
200          https://vprklass.ru/vpr/vpr2022-7kl-is-var6-2.pdf
200          https://vprklass.ru/vpr/vpr2022-7kl-is-var7-1-otvet.pdf
200          https://vprklass.ru/vpr/vpr2022-7kl-is-var7-1.pdf
200          https://vprklass.ru/vpr/vpr2022-7kl-is-var7-2-otvet.pdf
200          https://vprklass.ru/vpr/vpr2022-7kl-is-var7-2.pdf
200          https://vprklass.ru/vpr/vpr2022-7kl-is-var8-1-otvet.pdf
200          https://vprklass.ru/vpr/vpr2022-7kl-is-var8-1.pdf
200          https://vprklass.ru/vpr/vpr2022-7kl-is-var8-2-otvet.pdf
200          https://vprklass.ru/vpr/vpr2022-7kl-is-var8-2.pdf
200          https://vprklass.ru/vpr/vpr2022-7kl-is-var9-1-otvet.pdf
200          https://vprklass.ru/vpr/vpr2022-7kl-is-var9-1.pdf
200          https://vprklass.ru/vpr/vpr2022-7kl-is-var9-2-otvet.pdf
200          https://vprklass.ru/vpr/vpr2022-7kl-is-var9-2.pdf
200          https://vprklass.ru/vpr/vpr2022-7kl-ma-demo.pdf
200          https://vprklass.ru/vpr/vpr2022-7kl-ma-opisanie.pdf
200          https://vprklass.ru/vpr/vpr2022-7kl-ma-prof-demo.pdf
200          https://vprklass.ru/vpr/vpr2022-7kl-ma-var1-1-otvet.pdf
200          https://vprklass.ru/vpr/vpr2022-7kl-ma-var1-1.pdf
200          https://vprklass.ru/vpr/vpr2022-7kl-ma-var1-2-otvet.pdf
200          https://vprklass.ru/vpr/vpr2022-7kl-ma-var1-2.pdf
200          https://vprklass.ru/vpr/vpr2022-7kl-ma-var10-1-otvet.pdf
200          https://vprklass.ru/vpr/vpr2022-7kl-ma-var10-1.pdf
200          https://vprklass.ru/vpr/vpr2022-7kl-ma-var10-2-otvet.pdf
200          https://vprklass.ru/vpr/vpr2022-7kl-ma-var10-2.pdf
200          https://vprklass.ru/vpr/vpr2022-7kl-ma-var2-1-otvet.pdf
200          https://vprklass.ru/vpr/vpr2022-7kl-ma-var2-1.pdf
200          https://vprklass.ru/vpr/vpr2022-7kl-ma-var2-2-otvet.pdf
200          https://vprklass.ru/vpr/vpr2022-7kl-ma-var2-2.pdf
200          https://vprklass.ru/vpr/vpr2022-7kl-ma-var3-1-otvet.pdf
200          https://vprklass.ru/vpr/vpr2022-7kl-ma-var3-1.pdf
200          https://vprklass.ru/vpr/vpr2022-7kl-ma-var3-2-otvet.pdf
200          https://vprklass.ru/vpr/vpr2022-7kl-ma-var3-2.pdf
200          https://vprklass.ru/vpr/vpr2022-7kl-ma-var4-1-otvet.pdf
200          https://vprklass.ru/vpr/vpr2022-7kl-ma-var4-1.pdf
200          https://vprklass.ru/vpr/vpr2022-7kl-ma-var4-2-otvet.pdf
200          https://vprklass.ru/vpr/vpr2022-7kl-ma-var4-2.pdf
200          https://vprklass.ru/vpr/vpr2022-7kl-ma-var5-1-otvet.pdf
200          https://vprklass.ru/vpr/vpr2022-7kl-ma-var5-1.pdf
200          https://vprklass.ru/vpr/vpr2022-7kl-ma-var5-2-otvet.pdf
200          https://vprklass.ru/vpr/vpr2022-7kl-ma-var5-2.pdf
200          https://vprklass.ru/vpr/vpr2022-7kl-ma-var6-1-otvet.pdf
200          https://vprklass.ru/vpr/vpr2022-7kl-ma-var6-1.pdf
200          https://vprklass.ru/vpr/vpr2022-7kl-ma-var6-2-otvet.pdf
200          https://vprklass.ru/vpr/vpr2022-7kl-ma-var6-2.pdf
200          https://vprklass.ru/vpr/vpr2022-7kl-ma-var7-1-otvet.pdf
200          https://vprklass.ru/vpr/vpr2022-7kl-ma-var7-1.pdf
200          https://vprklass.ru/vpr/vpr2022-7kl-ma-var7-2-otvet.pdf
200          https://vprklass.ru/vpr/vpr2022-7kl-ma-var7-2.pdf
200          https://vprklass.ru/vpr/vpr2022-7kl-ma-var8-1-otvet.pdf
200          https://vprklass.ru/vpr/vpr2022-7kl-ma-var8-1.pdf
200          https://vprklass.ru/vpr/vpr2022-7kl-ma-var8-2-otvet.pdf
200          https://vprklass.ru/vpr/vpr2022-7kl-ma-var8-2.pdf
200          https://vprklass.ru/vpr/vpr2022-7kl-ma-var9-1-otvet.pdf
200          https://vprklass.ru/vpr/vpr2022-7kl-ma-var9-1.pdf
200          https://vprklass.ru/vpr/vpr2022-7kl-ma-var9-2-otvet.pdf
200          https://vprklass.ru/vpr/vpr2022-7kl-ma-var9-2.pdf
200          https://vprklass.ru/vpr/vpr2022-8kl-ma-demo.pdf
200          https://vprklass.ru/vpr/vpr2022-8kl-ma-opisanie.pdf
200          https://vprklass.ru/vpr/vpr2022-8kl-ma-prof-demo.pdf
200          https://vprklass.ru/vpr/vpr2022-8kl-ma-var1-1-otvet.pdf
200          https://vprklass.ru/vpr/vpr2022-8kl-ma-var1-1.pdf
200          https://vprklass.ru/vpr/vpr2022-8kl-ma-var1-2-otvet.pdf
200          https://vprklass.ru/vpr/vpr2022-8kl-ma-var1-2.pdf
200          https://vprklass.ru/vpr/vpr2022-8kl-ma-var10-1-otvet.pdf
200          https://vprklass.ru/vpr/vpr2022-8kl-ma-var10-1.pdf
200          https://vprklass.ru/vpr/vpr2022-8kl-ma-var10-2-otvet.pdf
200          https://vprklass.ru/vpr/vpr2022-8kl-ma-var10-2.pdf
200          https://vprklass.ru/vpr/vpr2022-8kl-ma-var2-1-otvet.pdf
200          https://vprklass.ru/vpr/vpr2022-8kl-ma-var2-1.pdf
200          https://vprklass.ru/vpr/vpr2022-8kl-ma-var2-2-otvet.pdf
200          https://vprklass.ru/vpr/vpr2022-8kl-ma-var2-2.pdf
200          https://vprklass.ru/vpr/vpr2022-8kl-ma-var3-1-otvet.pdf
200          https://vprklass.ru/vpr/vpr2022-8kl-ma-var3-1.pdf
200          https://vprklass.ru/vpr/vpr2022-8kl-ma-var3-2-otvet.pdf
200          https://vprklass.ru/vpr/vpr2022-8kl-ma-var3-2.pdf
200          https://vprklass.ru/vpr/vpr2022-8kl-ma-var4-1-otvet.pdf
200          https://vprklass.ru/vpr/vpr2022-8kl-ma-var4-1.pdf
200          https://vprklass.ru/vpr/vpr2022-8kl-ma-var4-2-otvet.pdf
200          https://vprklass.ru/vpr/vpr2022-8kl-ma-var4-2.pdf
200          https://vprklass.ru/vpr/vpr2022-8kl-ma-var5-1-otvet.pdf
200          https://vprklass.ru/vpr/vpr2022-8kl-ma-var5-1.pdf
200          https://vprklass.ru/vpr/vpr2022-8kl-ma-var5-2-otvet.pdf
200          https://vprklass.ru/vpr/vpr2022-8kl-ma-var5-2.pdf
200          https://vprklass.ru/vpr/vpr2022-8kl-ma-var6-1-otvet.pdf
200          https://vprklass.ru/vpr/vpr2022-8kl-ma-var6-1.pdf
200          https://vprklass.ru/vpr/vpr2022-8kl-ma-var6-2-otvet.pdf
200          https://vprklass.ru/vpr/vpr2022-8kl-ma-var6-2.pdf
200          https://vprklass.ru/vpr/vpr2022-8kl-ma-var7-1-otvet.pdf
200          https://vprklass.ru/vpr/vpr2022-8kl-ma-var7-1.pdf
200          https://vprklass.ru/vpr/vpr2022-8kl-ma-var7-2-otvet.pdf
200          https://vprklass.ru/vpr/vpr2022-8kl-ma-var7-2.pdf
200          https://vprklass.ru/vpr/vpr2022-8kl-ma-var8-1-otvet.pdf
200          https://vprklass.ru/vpr/vpr2022-8kl-ma-var8-1.pdf
200          https://vprklass.ru/vpr/vpr2022-8kl-ma-var8-2-otvet.pdf
200          https://vprklass.ru/vpr/vpr2022-8kl-ma-var8-2.pdf
200          https://vprklass.ru/vpr/vpr2022-8kl-ma-var9-1-otvet.pdf
200          https://vprklass.ru/vpr/vpr2022-8kl-ma-var9-1.pdf
200          https://vprklass.ru/vpr/vpr2022-8kl-ma-var9-2-otvet.pdf
200          https://vprklass.ru/vpr/vpr2022-8kl-ma-var9-2.pdf
200          https://vprklass.ru/vpr/vpr2023-5kl-is-demo.pdf
200          https://vprklass.ru/vpr/vpr2023-5kl-is-opisanie.pdf
200          https://vprklass.ru/vpr/vpr2023-5kl-is-var1-1-otvet.pdf
200          https://vprklass.ru/vpr/vpr2023-5kl-is-var1-1.pdf
200          https://vprklass.ru/vpr/vpr2023-5kl-is-var1-2-otvet.pdf
200          https://vprklass.ru/vpr/vpr2023-5kl-is-var1-2.pdf
200          https://vprklass.ru/vpr/vpr2023-5kl-is-var2-1-otvet.pdf
200          https://vprklass.ru/vpr/vpr2023-5kl-is-var2-1.pdf
200          https://vprklass.ru/vpr/vpr2023-5kl-is-var2-2-otvet.pdf
200          https://vprklass.ru/vpr/vpr2023-5kl-is-var2-2.pdf
200          https://vprklass.ru/vpr/vpr2023-5kl-is-var3-1-otvet.pdf
200          https://vprklass.ru/vpr/vpr2023-5kl-is-var3-1.pdf
200          https://vprklass.ru/vpr/vpr2023-5kl-is-var3-2-otvet.pdf
200          https://vprklass.ru/vpr/vpr2023-5kl-is-var3-2.pdf
200          https://vprklass.ru/vpr/vpr2023-5kl-is-var4-1-otvet.pdf
200          https://vprklass.ru/vpr/vpr2023-5kl-is-var4-1.pdf
200          https://vprklass.ru/vpr/vpr2023-5kl-is-var4-2-otvet.pdf
200          https://vprklass.ru/vpr/vpr2023-5kl-is-var4-2.pdf
200          https://vprklass.ru/vpr/vpr2023-5kl-is-var5-1-otvet.pdf
200          https://vprklass.ru/vpr/vpr2023-5kl-is-var5-1.pdf
200          https://vprklass.ru/vpr/vpr2023-5kl-is-var5-2-otvet.pdf
200          https://vprklass.ru/vpr/vpr2023-5kl-is-var5-2.pdf
200          https://vprklass.ru/vpr/vpr2023-7kl-is-demo.pdf
200          https://vprklass.ru/vpr/vpr2023-7kl-is-opisanie.pdf
200          https://vprklass.ru/vpr/vpr2023-7kl-is-var1-1-otvet.pdf
200          https://vprklass.ru/vpr/vpr2023-7kl-is-var1-1.pdf
200          https://vprklass.ru/vpr/vpr2023-7kl-is-var1-2-otvet.pdf
200          https://vprklass.ru/vpr/vpr2023-7kl-is-var1-2.pdf
200          https://vprklass.ru/vpr/vpr2023-7kl-is-var2-1-otvet.pdf
200          https://vprklass.ru/vpr/vpr2023-7kl-is-var2-1.pdf
200          https://vprklass.ru/vpr/vpr2023-7kl-is-var2-2-otvet.pdf
200          https://vprklass.ru/vpr/vpr2023-7kl-is-var2-2.pdf
200          https://vprklass.ru/vpr/vpr2023-7kl-is-var3-1-otvet.pdf
200          https://vprklass.ru/vpr/vpr2023-7kl-is-var3-1.pdf
200          https://vprklass.ru/vpr/vpr2023-7kl-is-var3-2-otvet.pdf
200          https://vprklass.ru/vpr/vpr2023-7kl-is-var3-2.pdf
200          https://vprklass.ru/vpr/vpr2023-7kl-is-var4-1-otvet.pdf
200          https://vprklass.ru/vpr/vpr2023-7kl-is-var4-1.pdf
200          https://vprklass.ru/vpr/vpr2023-7kl-is-var4-2-otvet.pdf
200          https://vprklass.ru/vpr/vpr2023-7kl-is-var4-2.pdf
200          https://vprklass.ru/vpr/vpr2023-7kl-is-var5-1-otvet.pdf
200          https://vprklass.ru/vpr/vpr2023-7kl-is-var5-1.pdf
200          https://vprklass.ru/vpr/vpr2023-7kl-is-var5-2-otvet.pdf
200          https://vprklass.ru/vpr/vpr2023-7kl-is-var5-2.pdf
200          https://vprklass.ru/vpr/vpr2023-7kl-ma-demo.pdf
200          https://vprklass.ru/vpr/vpr2023-7kl-ma-opisanie.pdf
200          https://vprklass.ru/vpr/vpr2023-7kl-ma-prof-var2-otvet.pdf
200          https://vprklass.ru/vpr/vpr2023-7kl-ma-prof-var2.pdf
200          https://vprklass.ru/vpr/vpr2023-7kl-ma-prof-var3-otvet.pdf
200          https://vprklass.ru/vpr/vpr2023-7kl-ma-prof-var3.pdf
200          https://vprklass.ru/vpr/vpr2023-7kl-ma-u-demo.pdf
200          https://vprklass.ru/vpr/vpr2023-7kl-ma-u-opisanie.pdf
200          https://vprklass.ru/vpr/vpr2023-7kl-ma-var1-1-otvet.pdf
200          https://vprklass.ru/vpr/vpr2023-7kl-ma-var1-1.pdf
200          https://vprklass.ru/vpr/vpr2023-7kl-ma-var1-2-otvet.pdf
200          https://vprklass.ru/vpr/vpr2023-7kl-ma-var1-2.pdf
200          https://vprklass.ru/vpr/vpr2023-7kl-ma-var2-1-otvet.pdf
200          https://vprklass.ru/vpr/vpr2023-7kl-ma-var2-1.pdf
200          https://vprklass.ru/vpr/vpr2023-7kl-ma-var2-2-otvet.pdf
200          https://vprklass.ru/vpr/vpr2023-7kl-ma-var2-2.pdf
200          https://vprklass.ru/vpr/vpr2023-7kl-ma-var3-1-otvet.pdf
200          https://vprklass.ru/vpr/vpr2023-7kl-ma-var3-1.pdf
200          https://vprklass.ru/vpr/vpr2023-7kl-ma-var3-2-otvet.pdf
200          https://vprklass.ru/vpr/vpr2023-7kl-ma-var3-2.pdf
200          https://vprklass.ru/vpr/vpr2023-7kl-ma-var4-1-otvet.pdf
200          https://vprklass.ru/vpr/vpr2023-7kl-ma-var4-1.pdf
200          https://vprklass.ru/vpr/vpr2023-7kl-ma-var4-2-otvet.pdf
200          https://vprklass.ru/vpr/vpr2023-7kl-ma-var4-2.pdf
200          https://vprklass.ru/vpr/vpr2023-7kl-ma-var5-1-otvet.pdf
200          https://vprklass.ru/vpr/vpr2023-7kl-ma-var5-1.pdf
200          https://vprklass.ru/vpr/vpr2023-7kl-ma-var5-2-otvet.pdf
200          https://vprklass.ru/vpr/vpr2023-7kl-ma-var5-2.pdf
200          https://vprklass.ru/vpr/vpr2023-8kl-ma-demo.pdf
200          https://vprklass.ru/vpr/vpr2023-8kl-ma-opisanie.pdf
200          https://vprklass.ru/vpr/vpr2023-8kl-ma-prof-var3-otvet.pdf
200          https://vprklass.ru/vpr/vpr2023-8kl-ma-prof-var3.pdf
200          https://vprklass.ru/vpr/vpr2023-8kl-ma-prof-var4-otvet.pdf
200          https://vprklass.ru/vpr/vpr2023-8kl-ma-prof-var4.pdf
200          https://vprklass.ru/vpr/vpr2023-8kl-ma-u-demo.pdf
200          https://vprklass.ru/vpr/vpr2023-8kl-ma-u-opisanie.pdf
200          https://vprklass.ru/vpr/vpr2023-8kl-ma-var1-1-otvet.pdf
200          https://vprklass.ru/vpr/vpr2023-8kl-ma-var1-1.pdf
200          https://vprklass.ru/vpr/vpr2023-8kl-ma-var1-2-otvet.pdf
200          https://vprklass.ru/vpr/vpr2023-8kl-ma-var1-2.pdf
200          https://vprklass.ru/vpr/vpr2023-8kl-ma-var2-1-otvet.pdf
200          https://vprklass.ru/vpr/vpr2023-8kl-ma-var2-1.pdf
200          https://vprklass.ru/vpr/vpr2023-8kl-ma-var2-2-otvet.pdf
200          https://vprklass.ru/vpr/vpr2023-8kl-ma-var2-2.pdf
200          https://vprklass.ru/vpr/vpr2023-8kl-ma-var3-1-otvet.pdf
200          https://vprklass.ru/vpr/vpr2023-8kl-ma-var3-1.pdf
200          https://vprklass.ru/vpr/vpr2023-8kl-ma-var3-2-otvet.pdf
200          https://vprklass.ru/vpr/vpr2023-8kl-ma-var3-2.pdf
200          https://vprklass.ru/vpr/vpr2023-8kl-ma-var4-1-otvet.pdf
200          https://vprklass.ru/vpr/vpr2023-8kl-ma-var4-1.pdf
200          https://vprklass.ru/vpr/vpr2023-8kl-ma-var4-2-otvet.pdf
200          https://vprklass.ru/vpr/vpr2023-8kl-ma-var4-2.pdf
200          https://vprklass.ru/vpr/vpr2023-8kl-ma-var5-1-otvet.pdf
200          https://vprklass.ru/vpr/vpr2023-8kl-ma-var5-1.pdf
200          https://vprklass.ru/vpr/vpr2023-8kl-ma-var5-2-otvet.pdf
200          https://vprklass.ru/vpr/vpr2023-8kl-ma-var5-2.pdf
200          https://vprklass.ru/vpr/vpr2024-5kl-is-var1-1-otvet.pdf
200          https://vprklass.ru/vpr/vpr2024-5kl-is-var1-1.pdf
200          https://vprklass.ru/vpr/vpr2024-5kl-is-var1-2-otvet.pdf
200          https://vprklass.ru/vpr/vpr2024-5kl-is-var1-2.pdf
200          https://vprklass.ru/vpr/vpr2024-5kl-is-var2-1-otvet.pdf
200          https://vprklass.ru/vpr/vpr2024-5kl-is-var2-1.pdf
200          https://vprklass.ru/vpr/vpr2024-5kl-is-var2-2-otvet.pdf
200          https://vprklass.ru/vpr/vpr2024-5kl-is-var2-2.pdf
200          https://vprklass.ru/vpr/vpr2024-5kl-is-var3-1-otvet.pdf
200          https://vprklass.ru/vpr/vpr2024-5kl-is-var3-1.pdf
200          https://vprklass.ru/vpr/vpr2024-5kl-is-var3-2-otvet.pdf
200          https://vprklass.ru/vpr/vpr2024-5kl-is-var3-2.pdf
200          https://vprklass.ru/vpr/vpr2024-5kl-is-var4-1-otvet.pdf
200          https://vprklass.ru/vpr/vpr2024-5kl-is-var4-1.pdf
200          https://vprklass.ru/vpr/vpr2024-5kl-is-var4-2-otvet.pdf
200          https://vprklass.ru/vpr/vpr2024-5kl-is-var4-2.pdf
200          https://vprklass.ru/vpr/vpr2024-5kl-is-var5-1-otvet.pdf
200          https://vprklass.ru/vpr/vpr2024-5kl-is-var5-1.pdf
200          https://vprklass.ru/vpr/vpr2024-5kl-is-var5-2-otvet.pdf
200          https://vprklass.ru/vpr/vpr2024-5kl-is-var5-2.pdf
200          https://vprklass.ru/vpr/vpr2024-7kl-is-var1-1-otvet.pdf
200          https://vprklass.ru/vpr/vpr2024-7kl-is-var1-1.pdf
200          https://vprklass.ru/vpr/vpr2024-7kl-is-var1-2-otvet.pdf
200          https://vprklass.ru/vpr/vpr2024-7kl-is-var1-2.pdf
200          https://vprklass.ru/vpr/vpr2024-7kl-is-var2-1-otvet.pdf
200          https://vprklass.ru/vpr/vpr2024-7kl-is-var2-1.pdf
200          https://vprklass.ru/vpr/vpr2024-7kl-is-var2-2-otvet.pdf
200          https://vprklass.ru/vpr/vpr2024-7kl-is-var2-2.pdf
200          https://vprklass.ru/vpr/vpr2024-7kl-is-var3-1-otvet.pdf
200          https://vprklass.ru/vpr/vpr2024-7kl-is-var3-1.pdf
200          https://vprklass.ru/vpr/vpr2024-7kl-is-var3-2-otvet.pdf
200          https://vprklass.ru/vpr/vpr2024-7kl-is-var3-2.pdf
200          https://vprklass.ru/vpr/vpr2024-7kl-is-var4-1-otvet.pdf
200          https://vprklass.ru/vpr/vpr2024-7kl-is-var4-1.pdf
200          https://vprklass.ru/vpr/vpr2024-7kl-is-var4-2-otvet.pdf
200          https://vprklass.ru/vpr/vpr2024-7kl-is-var4-2.pdf
200          https://vprklass.ru/vpr/vpr2024-7kl-is-var5-1-otvet.pdf
200          https://vprklass.ru/vpr/vpr2024-7kl-is-var5-1.pdf
200          https://vprklass.ru/vpr/vpr2024-7kl-is-var5-2-otvet.pdf
200          https://vprklass.ru/vpr/vpr2024-7kl-is-var5-2.pdf
200          https://vprklass.ru/vpr/vpr2024-7kl-ma-prof-var1-otvet.pdf
200          https://vprklass.ru/vpr/vpr2024-7kl-ma-prof-var1.pdf
200          https://vprklass.ru/vpr/vpr2024-7kl-ma-prof-var2-otvet.pdf
200          https://vprklass.ru/vpr/vpr2024-7kl-ma-prof-var2.pdf
200          https://vprklass.ru/vpr/vpr2024-7kl-ma-var1-1-otvet.pdf
200          https://vprklass.ru/vpr/vpr2024-7kl-ma-var1-1.pdf
200          https://vprklass.ru/vpr/vpr2024-7kl-ma-var1-2-otvet.pdf
200          https://vprklass.ru/vpr/vpr2024-7kl-ma-var1-2.pdf
200          https://vprklass.ru/vpr/vpr2024-7kl-ma-var2-1-otvet.pdf
200          https://vprklass.ru/vpr/vpr2024-7kl-ma-var2-1.pdf
200          https://vprklass.ru/vpr/vpr2024-7kl-ma-var2-2-otvet.pdf
200          https://vprklass.ru/vpr/vpr2024-7kl-ma-var2-2.pdf
200          https://vprklass.ru/vpr/vpr2024-7kl-ma-var3-1-otvet.pdf
200          https://vprklass.ru/vpr/vpr2024-7kl-ma-var3-1.pdf
200          https://vprklass.ru/vpr/vpr2024-7kl-ma-var3-2-otvet.pdf
200          https://vprklass.ru/vpr/vpr2024-7kl-ma-var3-2.pdf
200          https://vprklass.ru/vpr/vpr2024-7kl-ma-var4-1-otvet.pdf
200          https://vprklass.ru/vpr/vpr2024-7kl-ma-var4-1.pdf
200          https://vprklass.ru/vpr/vpr2024-7kl-ma-var4-2-otvet.pdf
200          https://vprklass.ru/vpr/vpr2024-7kl-ma-var4-2.pdf
200          https://vprklass.ru/vpr/vpr2024-7kl-ma-var5-1-otvet.pdf
200          https://vprklass.ru/vpr/vpr2024-7kl-ma-var5-1.pdf
200          https://vprklass.ru/vpr/vpr2024-7kl-ma-var5-2-otvet.pdf
200          https://vprklass.ru/vpr/vpr2024-7kl-ma-var5-2.pdf
200          https://vprklass.ru/vpr/vpr2024-8kl-ma-var1-1-otvet.pdf
200          https://vprklass.ru/vpr/vpr2024-8kl-ma-var1-1.pdf
200          https://vprklass.ru/vpr/vpr2024-8kl-ma-var1-2-otvet.pdf
200          https://vprklass.ru/vpr/vpr2024-8kl-ma-var1-2.pdf
200          https://vprklass.ru/vpr/vpr2024-8kl-ma-var2-1-otvet.pdf
200          https://vprklass.ru/vpr/vpr2024-8kl-ma-var2-1.pdf
200          https://vprklass.ru/vpr/vpr2024-8kl-ma-var2-2-otvet.pdf
200          https://vprklass.ru/vpr/vpr2024-8kl-ma-var2-2.pdf
200          https://vprklass.ru/vpr/vpr2024-8kl-ma-var3-1-otvet.pdf
200          https://vprklass.ru/vpr/vpr2024-8kl-ma-var3-1.pdf
200          https://vprklass.ru/vpr/vpr2024-8kl-ma-var3-2-otvet.pdf
200          https://vprklass.ru/vpr/vpr2024-8kl-ma-var3-2.pdf
200          https://vprklass.ru/vpr/vpr2024-8kl-ma-var4-1-otvet.pdf
200          https://vprklass.ru/vpr/vpr2024-8kl-ma-var4-1.pdf
200          https://vprklass.ru/vpr/vpr2024-8kl-ma-var4-2-otvet.pdf
200          https://vprklass.ru/vpr/vpr2024-8kl-ma-var4-2.pdf
200          https://vprklass.ru/vpr/vpr2024-8kl-ma-var5-1-otvet.pdf
200          https://vprklass.ru/vpr/vpr2024-8kl-ma-var5-1.pdf
200          https://vprklass.ru/vpr/vpr2024-8kl-ma-var5-2-otvet.pdf
200          https://vprklass.ru/vpr/vpr2024-8kl-ma-var5-2.pdf
200          https://vprklass.ru/vpr/vpr2025-5kl-is-demo.pdf
200          https://vprklass.ru/vpr/vpr2025-5kl-is-opisanie.pdf
200          https://vprklass.ru/vpr/vpr2025-5kl-is-var1-1-otvet.pdf
200          https://vprklass.ru/vpr/vpr2025-5kl-is-var1-1.pdf
200          https://vprklass.ru/vpr/vpr2025-5kl-is-var1-2-otvet.pdf
200          https://vprklass.ru/vpr/vpr2025-5kl-is-var1-2.pdf
200          https://vprklass.ru/vpr/vpr2025-5kl-is-var2-1-otvet.pdf
200          https://vprklass.ru/vpr/vpr2025-5kl-is-var2-1.pdf
200          https://vprklass.ru/vpr/vpr2025-5kl-is-var2-2-otvet.pdf
200          https://vprklass.ru/vpr/vpr2025-5kl-is-var2-2.pdf
200          https://vprklass.ru/vpr/vpr2025-5kl-is-var3-1-otvet.pdf
200          https://vprklass.ru/vpr/vpr2025-5kl-is-var3-1.pdf
200          https://vprklass.ru/vpr/vpr2025-5kl-is-var3-2-otvet.pdf
200          https://vprklass.ru/vpr/vpr2025-5kl-is-var3-2.pdf
200          https://vprklass.ru/vpr/vpr2025-5kl-is-var4-1-otvet.pdf
200          https://vprklass.ru/vpr/vpr2025-5kl-is-var4-1.pdf
200          https://vprklass.ru/vpr/vpr2025-5kl-is-var4-2-otvet.pdf
200          https://vprklass.ru/vpr/vpr2025-5kl-is-var4-2.pdf
200          https://vprklass.ru/vpr/vpr2025-5kl-is-var5-1-otvet.pdf
200          https://vprklass.ru/vpr/vpr2025-5kl-is-var5-1.pdf
200          https://vprklass.ru/vpr/vpr2025-5kl-is-var5-2-otvet.pdf
200          https://vprklass.ru/vpr/vpr2025-5kl-is-var5-2.pdf
200          https://vprklass.ru/vpr/vpr2025-7kl-is-demo.pdf
200          https://vprklass.ru/vpr/vpr2025-7kl-is-opisanie.pdf
200          https://vprklass.ru/vpr/vpr2025-7kl-ma-demo.pdf
200          https://vprklass.ru/vpr/vpr2025-7kl-ma-opisanie.pdf
200          https://vprklass.ru/vpr/vpr2025-7kl-ma-u-demo.pdf
200          https://vprklass.ru/vpr/vpr2025-7kl-ma-u-opisanie.pdf
200          https://vprklass.ru/vpr/vpr2025-8kl-ma-demo.pdf
200          https://vprklass.ru/vpr/vpr2025-8kl-ma-opisanie.pdf
200          https://vprklass.ru/vpr/vpr2025-8kl-ma-u-demo.pdf
200          https://vprklass.ru/vpr/vpr2025-8kl-ma-u-opisanie.pdf
200          https://vprklass.ru/vpr6/vpr2026-5kl-is-demo.pdf
200          https://vprklass.ru/vpr6/vpr2026-5kl-is-opisanie.pdf
200          https://vprklass.ru/vpr6/vpr2026-7kl-ma-demo.pdf
200          https://vprklass.ru/vpr6/vpr2026-7kl-ma-opisanie.pdf
200          https://vprklass.ru/vpr6/vpr2026-7kl-ma-u-demo.pdf
200          https://vprklass.ru/vpr6/vpr2026-7kl-ma-u-opisanie.pdf
200          https://vprklass.ru/vpr6/vpr2026-8kl-ma-demo.pdf
200          https://vprklass.ru/vpr6/vpr2026-8kl-ma-opisanie.pdf
200          https://vprklass.ru/vpr6/vpr2026-8kl-ma-u-demo.pdf
200          https://vprklass.ru/vpr6/vpr2026-8kl-ma-u-opisanie.pdf
200          https://vprklass.ru/vpr6/vpr26-5kl-is-v1-o_k1.pdf
200          https://vprklass.ru/vpr6/vpr26-5kl-is-v1-o_k2.pdf
200          https://vprklass.ru/vpr6/vpr26-5kl-is-v1-o_k3.pdf
200          https://vprklass.ru/vpr6/vpr26-5kl-is-v1-o_k4.pdf
200          https://vprklass.ru/vpr6/vpr26-5kl-is-v1-o_k5.pdf
200          https://vprklass.ru/vpr6/vpr26-5kl-is-v1_k1.pdf
200          https://vprklass.ru/vpr6/vpr26-5kl-is-v1_k2.pdf
200          https://vprklass.ru/vpr6/vpr26-5kl-is-v1_k3.pdf
200          https://vprklass.ru/vpr6/vpr26-5kl-is-v1_k4.pdf
200          https://vprklass.ru/vpr6/vpr26-5kl-is-v1_k5.pdf
200          https://vprklass.ru/vpr6/vpr26-5kl-is-v2-o_k1.pdf
200          https://vprklass.ru/vpr6/vpr26-5kl-is-v2-o_k2.pdf
200          https://vprklass.ru/vpr6/vpr26-5kl-is-v2-o_k3.pdf
200          https://vprklass.ru/vpr6/vpr26-5kl-is-v2-o_k4.pdf
200          https://vprklass.ru/vpr6/vpr26-5kl-is-v2-o_k5.pdf
200          https://vprklass.ru/vpr6/vpr26-5kl-is-v2_k1.pdf
200          https://vprklass.ru/vpr6/vpr26-5kl-is-v2_k2.pdf
200          https://vprklass.ru/vpr6/vpr26-5kl-is-v2_k3.pdf
200          https://vprklass.ru/vpr6/vpr26-5kl-is-v2_k4.pdf
200          https://vprklass.ru/vpr6/vpr26-5kl-is-v2_k5.pdf
200          https://vprklass.ru/vpr6/vpr26-7kl-is-v1-o_k1.pdf
200          https://vprklass.ru/vpr6/vpr26-7kl-is-v1-o_k2.pdf
200          https://vprklass.ru/vpr6/vpr26-7kl-is-v1-o_k3.pdf
200          https://vprklass.ru/vpr6/vpr26-7kl-is-v1-o_k4.pdf
200          https://vprklass.ru/vpr6/vpr26-7kl-is-v1-o_k5.pdf
200          https://vprklass.ru/vpr6/vpr26-7kl-is-v1_k1.pdf
200          https://vprklass.ru/vpr6/vpr26-7kl-is-v1_k2.pdf
200          https://vprklass.ru/vpr6/vpr26-7kl-is-v1_k3.pdf
200          https://vprklass.ru/vpr6/vpr26-7kl-is-v1_k4.pdf
200          https://vprklass.ru/vpr6/vpr26-7kl-is-v1_k5.pdf
200          https://vprklass.ru/vpr6/vpr26-7kl-is-v2-o_k1.pdf
200          https://vprklass.ru/vpr6/vpr26-7kl-is-v2-o_k2.pdf
200          https://vprklass.ru/vpr6/vpr26-7kl-is-v2-o_k3.pdf
200          https://vprklass.ru/vpr6/vpr26-7kl-is-v2-o_k4.pdf
200          https://vprklass.ru/vpr6/vpr26-7kl-is-v2-o_k5.pdf
200          https://vprklass.ru/vpr6/vpr26-7kl-is-v2_k1.pdf
200          https://vprklass.ru/vpr6/vpr26-7kl-is-v2_k2.pdf
200          https://vprklass.ru/vpr6/vpr26-7kl-is-v2_k3.pdf
200          https://vprklass.ru/vpr6/vpr26-7kl-is-v2_k4.pdf
200          https://vprklass.ru/vpr6/vpr26-7kl-is-v2_k5.pdf
200          https://vprklass.ru/vpr6/vpr26-7kl-mab-v1-1-o_k1.pdf
200          https://vprklass.ru/vpr6/vpr26-7kl-mab-v1-1-o_k2.pdf
200          https://vprklass.ru/vpr6/vpr26-7kl-mab-v1-1-o_k3.pdf
200          https://vprklass.ru/vpr6/vpr26-7kl-mab-v1-1-o_k4.pdf
200          https://vprklass.ru/vpr6/vpr26-7kl-mab-v1-1-o_k5.pdf
200          https://vprklass.ru/vpr6/vpr26-7kl-mab-v1-1_k1.pdf
200          https://vprklass.ru/vpr6/vpr26-7kl-mab-v1-1_k2.pdf
200          https://vprklass.ru/vpr6/vpr26-7kl-mab-v1-1_k3.pdf
200          https://vprklass.ru/vpr6/vpr26-7kl-mab-v1-1_k4.pdf
200          https://vprklass.ru/vpr6/vpr26-7kl-mab-v1-1_k5.pdf
200          https://vprklass.ru/vpr6/vpr26-7kl-mab-v1-2-o_k1.pdf
200          https://vprklass.ru/vpr6/vpr26-7kl-mab-v1-2-o_k2.pdf
200          https://vprklass.ru/vpr6/vpr26-7kl-mab-v1-2-o_k3.pdf
200          https://vprklass.ru/vpr6/vpr26-7kl-mab-v1-2-o_k4.pdf
200          https://vprklass.ru/vpr6/vpr26-7kl-mab-v1-2-o_k5.pdf
200          https://vprklass.ru/vpr6/vpr26-7kl-mab-v1-2_k1.pdf
200          https://vprklass.ru/vpr6/vpr26-7kl-mab-v1-2_k2.pdf
200          https://vprklass.ru/vpr6/vpr26-7kl-mab-v1-2_k3.pdf
200          https://vprklass.ru/vpr6/vpr26-7kl-mab-v1-2_k4.pdf
200          https://vprklass.ru/vpr6/vpr26-7kl-mab-v1-2_k5.pdf
200          https://vprklass.ru/vpr6/vpr26-7kl-mab-v2-1-o_k1.pdf
200          https://vprklass.ru/vpr6/vpr26-7kl-mab-v2-1-o_k2.pdf
200          https://vprklass.ru/vpr6/vpr26-7kl-mab-v2-1-o_k3.pdf
200          https://vprklass.ru/vpr6/vpr26-7kl-mab-v2-1-o_k4.pdf
200          https://vprklass.ru/vpr6/vpr26-7kl-mab-v2-1-o_k5.pdf
200          https://vprklass.ru/vpr6/vpr26-7kl-mab-v2-1_k1.pdf
200          https://vprklass.ru/vpr6/vpr26-7kl-mab-v2-1_k2.pdf
200          https://vprklass.ru/vpr6/vpr26-7kl-mab-v2-1_k3.pdf
200          https://vprklass.ru/vpr6/vpr26-7kl-mab-v2-1_k4.pdf
200          https://vprklass.ru/vpr6/vpr26-7kl-mab-v2-1_k5.pdf
200          https://vprklass.ru/vpr6/vpr26-7kl-mab-v2-2-o_k1.pdf
200          https://vprklass.ru/vpr6/vpr26-7kl-mab-v2-2-o_k2.pdf
200          https://vprklass.ru/vpr6/vpr26-7kl-mab-v2-2-o_k3.pdf
200          https://vprklass.ru/vpr6/vpr26-7kl-mab-v2-2-o_k4.pdf
200          https://vprklass.ru/vpr6/vpr26-7kl-mab-v2-2-o_k5.pdf
200          https://vprklass.ru/vpr6/vpr26-7kl-mab-v2-2_k1.pdf
200          https://vprklass.ru/vpr6/vpr26-7kl-mab-v2-2_k2.pdf
200          https://vprklass.ru/vpr6/vpr26-7kl-mab-v2-2_k3.pdf
200          https://vprklass.ru/vpr6/vpr26-7kl-mab-v2-2_k4.pdf
200          https://vprklass.ru/vpr6/vpr26-7kl-mab-v2-2_k5.pdf
200          https://vprklass.ru/vpr6/vpr26-7kl-map-v1-1-o_k1.pdf
200          https://vprklass.ru/vpr6/vpr26-7kl-map-v1-1-o_k2.pdf
200          https://vprklass.ru/vpr6/vpr26-7kl-map-v1-1-o_k3.pdf
200          https://vprklass.ru/vpr6/vpr26-7kl-map-v1-1-o_k4.pdf
200          https://vprklass.ru/vpr6/vpr26-7kl-map-v1-1_k1.pdf
200          https://vprklass.ru/vpr6/vpr26-7kl-map-v1-1_k2.pdf
200          https://vprklass.ru/vpr6/vpr26-7kl-map-v1-1_k3.pdf
200          https://vprklass.ru/vpr6/vpr26-7kl-map-v1-1_k4.pdf
200          https://vprklass.ru/vpr6/vpr26-7kl-map-v1-2-o_k1.pdf
200          https://vprklass.ru/vpr6/vpr26-7kl-map-v1-2-o_k2.pdf
200          https://vprklass.ru/vpr6/vpr26-7kl-map-v1-2-o_k3.pdf
200          https://vprklass.ru/vpr6/vpr26-7kl-map-v1-2-o_k4.pdf
200          https://vprklass.ru/vpr6/vpr26-7kl-map-v1-2_k1.pdf
200          https://vprklass.ru/vpr6/vpr26-7kl-map-v1-2_k2.pdf
200          https://vprklass.ru/vpr6/vpr26-7kl-map-v1-2_k3.pdf
200          https://vprklass.ru/vpr6/vpr26-7kl-map-v1-2_k4.pdf
200          https://vprklass.ru/vpr6/vpr26-7kl-map-v2-1-o_k1.pdf
200          https://vprklass.ru/vpr6/vpr26-7kl-map-v2-1-o_k2.pdf
200          https://vprklass.ru/vpr6/vpr26-7kl-map-v2-1-o_k3.pdf
200          https://vprklass.ru/vpr6/vpr26-7kl-map-v2-1-o_k4.pdf
200          https://vprklass.ru/vpr6/vpr26-7kl-map-v2-1_k1.pdf
200          https://vprklass.ru/vpr6/vpr26-7kl-map-v2-1_k2.pdf
200          https://vprklass.ru/vpr6/vpr26-7kl-map-v2-1_k3.pdf
200          https://vprklass.ru/vpr6/vpr26-7kl-map-v2-1_k4.pdf
200          https://vprklass.ru/vpr6/vpr26-7kl-map-v2-2-o_k1.pdf
200          https://vprklass.ru/vpr6/vpr26-7kl-map-v2-2-o_k2.pdf
200          https://vprklass.ru/vpr6/vpr26-7kl-map-v2-2-o_k3.pdf
200          https://vprklass.ru/vpr6/vpr26-7kl-map-v2-2-o_k4.pdf
200          https://vprklass.ru/vpr6/vpr26-7kl-map-v2-2_k1.pdf
200          https://vprklass.ru/vpr6/vpr26-7kl-map-v2-2_k2.pdf
200          https://vprklass.ru/vpr6/vpr26-7kl-map-v2-2_k3.pdf
200          https://vprklass.ru/vpr6/vpr26-7kl-map-v2-2_k4.pdf
200          https://vprklass.ru/vpr6/vpr26-8kl-map-v1-1-o_k1.pdf
200          https://vprklass.ru/vpr6/vpr26-8kl-map-v1-1-o_k2.pdf
200          https://vprklass.ru/vpr6/vpr26-8kl-map-v1-1-o_k3.pdf
200          https://vprklass.ru/vpr6/vpr26-8kl-map-v1-1-o_k4.pdf
200          https://vprklass.ru/vpr6/vpr26-8kl-map-v1-1_k1.pdf
200          https://vprklass.ru/vpr6/vpr26-8kl-map-v1-1_k2.pdf
200          https://vprklass.ru/vpr6/vpr26-8kl-map-v1-1_k3.pdf
200          https://vprklass.ru/vpr6/vpr26-8kl-map-v1-1_k4.pdf
200          https://vprklass.ru/vpr6/vpr26-8kl-map-v1-2-o_k1.pdf
200          https://vprklass.ru/vpr6/vpr26-8kl-map-v1-2-o_k2.pdf
200          https://vprklass.ru/vpr6/vpr26-8kl-map-v1-2-o_k3.pdf
200          https://vprklass.ru/vpr6/vpr26-8kl-map-v1-2-o_k4.pdf
200          https://vprklass.ru/vpr6/vpr26-8kl-map-v1-2_k1.pdf
200          https://vprklass.ru/vpr6/vpr26-8kl-map-v1-2_k2.pdf
200          https://vprklass.ru/vpr6/vpr26-8kl-map-v1-2_k3.pdf
200          https://vprklass.ru/vpr6/vpr26-8kl-map-v1-2_k4.pdf
200          https://vprklass.ru/vpr6/vpr26-8kl-map-v2-1-o_k1.pdf
200          https://vprklass.ru/vpr6/vpr26-8kl-map-v2-1-o_k2.pdf
200          https://vprklass.ru/vpr6/vpr26-8kl-map-v2-1-o_k3.pdf
200          https://vprklass.ru/vpr6/vpr26-8kl-map-v2-1-o_k4.pdf
200          https://vprklass.ru/vpr6/vpr26-8kl-map-v2-1_k1.pdf
200          https://vprklass.ru/vpr6/vpr26-8kl-map-v2-1_k2.pdf
200          https://vprklass.ru/vpr6/vpr26-8kl-map-v2-1_k3.pdf
200          https://vprklass.ru/vpr6/vpr26-8kl-map-v2-1_k4.pdf
200          https://vprklass.ru/vpr6/vpr26-8kl-map-v2-2-o_k1.pdf
200          https://vprklass.ru/vpr6/vpr26-8kl-map-v2-2-o_k2.pdf
200          https://vprklass.ru/vpr6/vpr26-8kl-map-v2-2-o_k3.pdf
200          https://vprklass.ru/vpr6/vpr26-8kl-map-v2-2-o_k4.pdf
200          https://vprklass.ru/vpr6/vpr26-8kl-map-v2-2_k1.pdf
200          https://vprklass.ru/vpr6/vpr26-8kl-map-v2-2_k2.pdf
200          https://vprklass.ru/vpr6/vpr26-8kl-map-v2-2_k3.pdf
200          https://vprklass.ru/vpr6/vpr26-8kl-map-v2-2_k4.pdf
200          https://wink.ru/media_items/27741896
200          https://wordwall.net/ru
200          https://wordwall.net/ru/community/algebra-7
200          https://wordwall.net/ru/community/algebra-8
200          https://wordwall.net/ru/community/geometriya-8
202          https://www.baamboozle.com/
200          https://www.bbc.co.uk/learningenglish
200          https://www.beelinguapp.com/
200          https://www.bookvoed.ru/product/kontrolno-izmeritelnye-materialy-algebra-7-klass-6090953
200          https://www.busuu.com/
200          https://www.cambridgeenglish.org/learning-english/
200          https://www.chitai-gorod.ru/catalog/books/istoriya-7-klass-2025-god-114522
200          https://www.chitai-gorod.ru/product/samostoyatelnye-i-kontrolnye-raboty-po-algebre-7-klass-k-uchebniku-yu-n-makarycheva-i-dr-pod-redakciey-s-a-telyakovskogo-algebra-7-klass-2889632
200          https://www.chitai-gorod.ru/product/samostoyatelnye-i-kontrolnye-raboty-po-algebre-8-klass-k-uchebniku-yu-n-makarycheva-i-dr-pod-red-s-a-telyakovskogo-algebra-8-klass-2450027
000          https://www.culture.ru/
000          https://www.culture.ru/s/vopros/gorod-nevest/
200          https://www.duolingo.com/
200          https://www.englishclub.com/
200          https://www.funbrain.com/
200          https://www.gimkit.com/
200          https://www.gog.com/en/game/pharaoh_a_new_era
200          https://www.ivi.ru/watch/133528
200          https://www.ivi.tv/watch/sobirateli-zemli-russkoj
200          https://www.ivi.tv/watch/zabyityie-vojnyi-rossii/546382
200          https://www.kinopoisk.ru/film/566549/
200          https://www.kinopoisk.ru/index.php?kp_query=%D0%91%D0%B5%D0%BD-%D0%93%D1%83%D1%80%201959
200          https://www.kinopoisk.ru/index.php?kp_query=%D0%93%D0%B5%D1%80%D0%BA%D1%83%D0%BB%D0%B5%D1%81%201997%20%D0%BC%D1%83%D0%BB%D1%8C%D1%82%D1%84%D0%B8%D0%BB%D1%8C%D0%BC
200          https://www.knoword.org/
200          https://www.labirint.ru/books/624324/
200          https://www.labirint.ru/books/753868/
200          https://www.labirint.ru/search/%D0%B7%D0%B8%D0%B2%20%D0%BC%D0%B5%D0%B9%D0%BB%D0%B5%D1%80%20%D0%B3%D0%B5%D0%BE%D0%BC%D0%B5%D1%82%D1%80%D0%B8%D1%8F%208/
200          https://www.louvre.fr/en/online-tours
200          https://www.memrise.com/
200          https://www.perfect-english-grammar.com/
200          https://www.rustore.ru/catalog/app/com.duolingo
200          https://www.rustore.ru/catalog/app/com.lingualeo.android
200          https://www.rustore.ru/catalog/app/ru.slearn.app
200          https://www.rustore.ru/catalog/app/ru.starmedia.ege
200          https://www.rustore.ru/catalog/app/ru.zengalt.simpler
200          https://www.ubisoft.com/en-us/game/assassins-creed/discovery-tour
200          https://www.vaco.ru/catalog/detail.php?ID=3225
200          https://www.vaco.ru/product/testy-algebra-kontrolno-izmeritelnye-materialy-dlya-7-klassa/
200          https://www.vaco.ru/product/testy-algebra-kontrolno-izmeritelnye-materialy-dlya-8-klassa/
200          https://www.yaklass.ru/
307          https://www.yaklass.ru/p/history/7-klass
307          https://www.yaklass.ru/p/history/7-klass/istoriia-nashego-kraia-7592794
200          https://www.youtube.com/@ummiddlehist
200          https://www.youtube.com/playlist?list=PLNBfAFw4EDrJbSLwLgQEkTteVjDHCP0nG
200          https://www.youtube.com/watch?v=4l4QGa2-cYo
200          https://www.youtube.com/watch?v=qI-YNo8Sn6c
200          https://xn--b1agatflbfbtgq5jm.xn--p1ai/algebra-7-makarychev-ik-1-variant-2/
200          https://xn--b1agatflbfbtgq5jm.xn--p1ai/algebra-7-makarychev-ik-1-variant-3/
200          https://xn--b1agatflbfbtgq5jm.xn--p1ai/algebra-7-makarychev-ik-1-variant-4/
200          https://xn--b1agatflbfbtgq5jm.xn--p1ai/algebra-7-makarychev-ik-2-variant-2/
200          https://xn--b1agatflbfbtgq5jm.xn--p1ai/algebra-7-makarychev-ik-2-variant-3/
200          https://xn--b1agatflbfbtgq5jm.xn--p1ai/algebra-7-makarychev-ik-2-variant-4/
200          https://xn--b1agatflbfbtgq5jm.xn--p1ai/algebra-7-makarychev-otvety-na-k-1-v-2/
200          https://xn--b1agatflbfbtgq5jm.xn--p1ai/algebra-7-makarychev-otvety-na-k-1-v-3/
200          https://xn--b1agatflbfbtgq5jm.xn--p1ai/algebra-7-makarychev-otvety-na-k-1-v-4/
200          https://xn--b1agatflbfbtgq5jm.xn--p1ai/algebra-7-makarychev-otvety-na-k-3-v-2/
200          https://xn--b1agatflbfbtgq5jm.xn--p1ai/algebra-7-makarychev-otvety-na-k-3-v-3/
200          https://xn--b1agatflbfbtgq5jm.xn--p1ai/algebra-7-makarychev-otvety-na-k-3-v-4/
200          https://xn--b1agatflbfbtgq5jm.xn--p1ai/algebra-7-makarychev-otvety-na-k-4-v-2/
200          https://xn--b1agatflbfbtgq5jm.xn--p1ai/algebra-7-makarychev-otvety-na-k-4-v-3/
200          https://xn--b1agatflbfbtgq5jm.xn--p1ai/algebra-7-makarychev-otvety-na-k-4-v-4/
200          https://xn--b1agatflbfbtgq5jm.xn--p1ai/algebra-7-makarychev-otvety-na-k-5-v-2/
200          https://xn--b1agatflbfbtgq5jm.xn--p1ai/algebra-7-makarychev-otvety-na-k-5-v-3/
200          https://xn--b1agatflbfbtgq5jm.xn--p1ai/algebra-7-makarychev-otvety-na-k-5-v-4/
200          https://xn--b1agatflbfbtgq5jm.xn--p1ai/algebra-7-makarychev-otvety-na-k-6-v-2/
200          https://xn--b1agatflbfbtgq5jm.xn--p1ai/algebra-7-makarychev-otvety-na-k-6-v-3/
200          https://xn--b1agatflbfbtgq5jm.xn--p1ai/algebra-7-makarychev-otvety-na-k-6-v-4/
200          https://xn--b1agatflbfbtgq5jm.xn--p1ai/ik-1-algebra-7-makarychev-otvety/
200          https://xn--b1agatflbfbtgq5jm.xn--p1ai/ik-2-algebra-7-makarychev-otvety/
200          https://xn--b1agatflbfbtgq5jm.xn--p1ai/kr-1-algebra-7-makarychev-otvety/
200          https://xn--b1agatflbfbtgq5jm.xn--p1ai/kr-2-algebra-7-makarychev-otvety-na-v-2/
200          https://xn--b1agatflbfbtgq5jm.xn--p1ai/kr-2-algebra-7-makarychev-otvety-na-v-3/
200          https://xn--b1agatflbfbtgq5jm.xn--p1ai/kr-2-algebra-7-makarychev-otvety-na-v-4/
200          https://xn--b1agatflbfbtgq5jm.xn--p1ai/kr-2-algebra-7-makarychev-otvety/
200          https://xn--b1agatflbfbtgq5jm.xn--p1ai/kr-3-algebra-7-makarychev-otvety/
200          https://xn--b1agatflbfbtgq5jm.xn--p1ai/kr-4-algebra-7-makarychev-otvety/
200          https://xn--b1agatflbfbtgq5jm.xn--p1ai/kr-5-algebra-7-makarychev-otvety/
200          https://xn--b1agatflbfbtgq5jm.xn--p1ai/kr-6-algebra-7-makarychev-otvety/
200          https://xn--b1agatflbfbtgq5jm.xn--p1ai/kr-7-algebra-7-makarychev-otvety/
200          https://xn--b1agatflbfbtgq5jm.xn--p1ai/kr-7-algebra-7-makarychev-variant-2/
200          https://xn--b1agatflbfbtgq5jm.xn--p1ai/kr-7-algebra-7-makarychev-variant-4/
200          https://xn--b1agatflbfbtgq5jm.xn--p1ai/kr-7-algebra-7-makarychev-varianty-3-4/
200          https://xn--b1agatflbfbtgq5jm.xn--p1ai/kr-8-algebra-7-makarychev-otvety/
200          https://xn--b1agatflbfbtgq5jm.xn--p1ai/kr-8-algebra-7-makarychev-variant-2/
200          https://xn--b1agatflbfbtgq5jm.xn--p1ai/kr-8-algebra-7-makarychev-variant-4/
200          https://xn--b1agatflbfbtgq5jm.xn--p1ai/kr-8-algebra-7-makarychev-varianty-3-4/
200          https://xn--b1agatflbfbtgq5jm.xn--p1ai/kr-9-algebra-7-makarychev-otvety/
200          https://xn--b1agatflbfbtgq5jm.xn--p1ai/kr-9-algebra-7-makarychev-variant-2/
200          https://xn--b1agatflbfbtgq5jm.xn--p1ai/kr-9-algebra-7-makarychev-variant-4/
200          https://xn--b1agatflbfbtgq5jm.xn--p1ai/kr-9-algebra-7-makarychev-varianty-3-4/
200          https://xn--j1ahfl.xn--p1ai/library/itogovaya_kontrolnaya_rabota_7_klass_085342.html
200          https://xn--j1ahfl.xn--p1ai/library/kontrolnaya_rabota_po_istorii_drevnego_mira_dlya_uch_121551.html
200          https://всеконтрольные.рф/algebra-7-makarychev-kim-glazkov/
200          https://всеконтрольные.рф/algebra-7-makarychev-uglublennoe/
200          https://всеконтрольные.рф/algebra-7-samostojatelnye-makarychev/
200          https://всеконтрольные.рф/algebra-8-kontrolnye-makarychev-2/
200          https://всеконтрольные.рф/algebra-8-makarychev-sr-zhohov/
200          https://всеконтрольные.рф/geometrija-8-atanasjan-k-1-v-0/
200          https://всеконтрольные.рф/geometrija-8-atanasjan-k-1-v-2/
200          https://всеконтрольные.рф/geometrija-8-atanasjan-k-1-v-3/
200          https://всеконтрольные.рф/geometrija-8-atanasjan-k-1-v-4/
200          https://всеконтрольные.рф/geometrija-8-atanasjan-k-2-v-0/
200          https://всеконтрольные.рф/geometrija-8-atanasjan-k-2-v-2/
200          https://всеконтрольные.рф/geometrija-8-atanasjan-k-2-v-3/
200          https://всеконтрольные.рф/geometrija-8-atanasjan-k-2-v-4/
200          https://всеконтрольные.рф/geometrija-8-atanasjan-k-3-v-0/
200          https://всеконтрольные.рф/geometrija-8-atanasjan-k-3-v-2/
200          https://всеконтрольные.рф/geometrija-8-atanasjan-k-3-v-3/
200          https://всеконтрольные.рф/geometrija-8-atanasjan-k-3-v-4/
200          https://всеконтрольные.рф/geometrija-8-atanasjan-k-4-v-0/
200          https://всеконтрольные.рф/geometrija-8-atanasjan-k-4-v-2/
200          https://всеконтрольные.рф/geometrija-8-atanasjan-k-4-v-3/
200          https://всеконтрольные.рф/geometrija-8-atanasjan-k-4-v-4/
200          https://всеконтрольные.рф/geometrija-8-atanasjan-k-5-v-0/
200          https://всеконтрольные.рф/geometrija-8-atanasjan-k-5-v-2/
200          https://всеконтрольные.рф/geometrija-8-atanasjan-k-5-v-3/
200          https://всеконтрольные.рф/geometrija-8-atanasjan-k-5-v-4/
200          https://всеконтрольные.рф/geometrija-8-atanasjan-melnikova/
200          https://всеконтрольные.рф/geometrija-8-butuzov-kr-4/
200          https://всеконтрольные.рф/geometrija-8-godovaja-kontrolnaja-kp-7/
200          https://всеконтрольные.рф/geometrija-8-itogovaja-kontrolnaja-ka-7/
200          https://всеконтрольные.рф/geometrija-8-kontrolnaja-k-8-gusev/
200          https://всеконтрольные.рф/geometrija-8-kontrolnye-kim-gavrilova/
200          https://всеконтрольные.рф/k-1-geometrija-8-atanasjan-otvety/
200          https://всеконтрольные.рф/k-2-geometrija-8-atanasjan-otvety/
200          https://всеконтрольные.рф/k-3-geometrija-8-atanasjan-otvety/
200          https://всеконтрольные.рф/k-4-geometrija-8-atanasjan-otvety/
200          https://всеконтрольные.рф/k-5-geometrija-8-atanasjan-otvety/
200          https://всеконтрольные.рф/otvety-na-kr-7-geometrija-8-ziv/
200          https://контрользнаний.рф/algebra-7-klass-kontrolnye/
200          https://контрользнаний.рф/algebra-7-samostoyatelnye-makarychev/
200          https://контрользнаний.рф/algebra-8-itogovyy-test-makarychev/
200          https://контрользнаний.рф/algebra-8-itogovyy-test-za-iv/
200          https://контрользнаний.рф/algebra-8-klass-samostoyatelnye-rabot/
200          https://контрользнаний.рф/algebra-8-klass-test-za-1-yu-chetvert/
200          https://контрользнаний.рф/algebra-8-makarychev-kontrolnaya-1-2/
200          https://контрользнаний.рф/algebra-8-makarychev-kontrolnaya-1-3/
200          https://контрользнаний.рф/algebra-8-makarychev-kontrolnaya-1-4/
200          https://контрользнаний.рф/algebra-8-makarychev-kontrolnaya-1/
200          https://контрользнаний.рф/algebra-8-makarychev-kontrolnaya-10-2/
200          https://контрользнаний.рф/algebra-8-makarychev-kontrolnaya-10-3/
200          https://контрользнаний.рф/algebra-8-makarychev-kontrolnaya-10-4/
200          https://контрользнаний.рф/algebra-8-makarychev-kontrolnaya-10/
200          https://контрользнаний.рф/algebra-8-makarychev-kontrolnaya-2-2/
200          https://контрользнаний.рф/algebra-8-makarychev-kontrolnaya-2-3/
200          https://контрользнаний.рф/algebra-8-makarychev-kontrolnaya-2-4/
200          https://контрользнаний.рф/algebra-8-makarychev-kontrolnaya-2/
200          https://контрользнаний.рф/algebra-8-makarychev-kontrolnaya-3-2/
200          https://контрользнаний.рф/algebra-8-makarychev-kontrolnaya-3-3/
200          https://контрользнаний.рф/algebra-8-makarychev-kontrolnaya-3-4/
200          https://контрользнаний.рф/algebra-8-makarychev-kontrolnaya-3/
200          https://контрользнаний.рф/algebra-8-makarychev-kontrolnaya-4-2/
200          https://контрользнаний.рф/algebra-8-makarychev-kontrolnaya-4-3/
200          https://контрользнаний.рф/algebra-8-makarychev-kontrolnaya-4-4/
200          https://контрользнаний.рф/algebra-8-makarychev-kontrolnaya-4/
200          https://контрользнаний.рф/algebra-8-makarychev-kontrolnaya-5-2/
200          https://контрользнаний.рф/algebra-8-makarychev-kontrolnaya-5-3/
200          https://контрользнаний.рф/algebra-8-makarychev-kontrolnaya-5-4/
200          https://контрользнаний.рф/algebra-8-makarychev-kontrolnaya-5/
200          https://контрользнаний.рф/algebra-8-makarychev-kontrolnaya-6-2/
200          https://контрользнаний.рф/algebra-8-makarychev-kontrolnaya-6-3/
200          https://контрользнаний.рф/algebra-8-makarychev-kontrolnaya-6-4/
200          https://контрользнаний.рф/algebra-8-makarychev-kontrolnaya-6/
200          https://контрользнаний.рф/algebra-8-makarychev-kontrolnaya-7-2/
200          https://контрользнаний.рф/algebra-8-makarychev-kontrolnaya-7-3/
200          https://контрользнаний.рф/algebra-8-makarychev-kontrolnaya-7-4/
200          https://контрользнаний.рф/algebra-8-makarychev-kontrolnaya-7/
200          https://контрользнаний.рф/algebra-8-makarychev-kontrolnaya-8-2/
200          https://контрользнаний.рф/algebra-8-makarychev-kontrolnaya-8-3/
200          https://контрользнаний.рф/algebra-8-makarychev-kontrolnaya-8-4/
200          https://контрользнаний.рф/algebra-8-makarychev-kontrolnaya-8/
200          https://контрользнаний.рф/algebra-8-makarychev-kontrolnaya-9-2/
200          https://контрользнаний.рф/algebra-8-makarychev-kontrolnaya-9-3/
200          https://контрользнаний.рф/algebra-8-makarychev-kontrolnaya-9-4/
200          https://контрользнаний.рф/algebra-8-makarychev-kontrolnaya-9/
200          https://контрользнаний.рф/algebra-8-samostoyatelnye-makarychev/
200          https://контрользнаний.рф/centralnye-i-vpisannye-ugly/
200          https://контрользнаний.рф/chetyre-zamechatelnye-tochki-okruzhnos/
200          https://контрользнаний.рф/geometriya-8-ichenskaya-samostoyatelnye/
200          https://контрользнаний.рф/geometriya-8-itogovyy-test/
200          https://контрользнаний.рф/geometriya-8-klass-samostoyatelnaya-1/
200          https://контрользнаний.рф/geometriya-8-klass-samostoyatelnaya-2/
200          https://контрользнаний.рф/geometriya-8-klass-samostoyatelnaya-3/
200          https://контрользнаний.рф/geometriya-8-klass-samostoyatelnaya-4/
200          https://контрользнаний.рф/kasatelnaya-k-okruzhnosti/
200          https://контрользнаний.рф/matematika-8-klass-attestaciya/
200          https://контрользнаний.рф/mnogougolniki-teoriya/
200          https://контрользнаний.рф/okruzhnost-teoriya/
200          https://контрользнаний.рф/opredelenie-podobnykh-treugolnikov/
200          https://контрользнаний.рф/parallelogramm-na-chertezhakh/
200          https://контрользнаний.рф/ploshhad-parallelogramma-na-chertezhakh/
200          https://контрользнаний.рф/ploshhad-pryamougolnika-na-chertezhakh/
200          https://контрользнаний.рф/ploshhad-trapecii-na-chertezhakh/
200          https://контрользнаний.рф/ploshhad-trapecii/
200          https://контрользнаний.рф/ploshhad-treugolnika-na-chertezhakh/
200          https://контрользнаний.рф/ploshhadi-mnogougolnikov/
200          https://контрользнаний.рф/ploshhadi/
200          https://контрользнаний.рф/podobnye-treugolniki-na-chertezhakh/
200          https://контрользнаний.рф/podobnye-treugolniki-teoriya/
200          https://контрользнаний.рф/primenenie-priznakov-podobiya/
200          https://контрользнаний.рф/priznaki-podobiya-treugolnikov/
200          https://контрользнаний.рф/sootnosheniya-mezhdu-storonami-i-uglami/
200          https://контрользнаний.рф/srednie-linii-treugolnika-i-trapeci/
200          https://контрользнаний.рф/svoystva-i-priznaki-parallelogramma/
200          https://контрользнаний.рф/svoystva-parallelogramma-na-chertezha/
200          https://контрользнаний.рф/teorema-pifagora-na-chertezhakh/
200          https://контрользнаний.рф/teorema-pifagora/
200          https://контрользнаний.рф/trapeciya-na-chertezhakh/
200          https://контрользнаний.рф/vidy-parallelogrammov/
200          https://контрользнаний.рф/vpisannye-i-opisannye-okruzhnosti/
